log_schema,trade_id,entry_time,exit_time,symbol,timeframe,side,entry_px,exit_px,profit,exit_type,bars_held,rsi,bb_width_ratio,vol_ratio,spread_pts,entry_hour,entry_dow,rsi_depth,bb_walk_count,wick_pct,ema_slope_bp,atr_ratio,bb_pen_pts,htf_slope_bp,mae_r,mfe_r,mae_r_b4,mfe_r_b4,mae_r_b5,mfe_r_b5,mae_r_b6,mfe_r_b6,sl_pts,label_bad_entry,label_tail_loss,label_early_cut_b4,label_early_cut_b6,label_early_cut,label_regime,label_profile_good,label_profile_bad,label_bad_trade,label_loss,label_sl
2,2,2023-01-02 23:05:00,2023.01.02 23:15:00,EURUSD,M5,sell,1.06795,1.06634,1.61,midline,1,78.33,0.001248,5.662,10,23,1,3.33,1,16.77,1.1,0.000281,70.2,-0.13,0.175,0.85,,,,,,,200.0,0,0,0,0,0,range,1,0,0,0,0
2,4,2023-01-04 05:10:00,2023.01.04 05:25:00,EURUSD,M5,sell,1.0576,1.05674,0.86,midline,2,76.27,0.000974,1.668,1,5,3,1.27,3,58.54,1.83,0.000236,22.9,-6.69,0.0,0.45,,,,,,,200.0,0,0,0,0,0,trend,1,0,0,0,0
2,6,2023-01-11 05:35:00,2023.01.11 07:00:00,EURUSD,M5,sell,1.07471,1.0746,0.11,midline,16,76.12,0.001648,1.92,1,5,3,1.12,1,3.57,3.3,0.000221,5.9,4.75,0.485,0.06,0.485,0.015,0.485,0.015,0.485,0.015,200.0,0,0,1,0,1,range,1,0,0,0,0
2,8,2023-02-03 00:05:00,2023.02.03 02:05:00,EURUSD,M5,buy,1.08976,1.0895,-0.26,midline,23,23.57,0.000963,5.231,1,0,5,1.43,1,39.53,-1.73,0.000212,40.7,-4.8,0.32,0.1,0.175,0.1,0.175,0.1,0.175,0.1,200.0,0,0,0,0,0,range,1,0,0,1,0
2,10,2023-02-10 00:25:00,2023.02.10 01:00:00,EURUSD,M5,buy,1.07288,1.07346,0.58,midline,6,23.69,0.001158,2.079,1,0,5,1.31,5,21.88,-2.27,0.000179,28.3,-1.63,0.155,0.29,0.155,0.065,0.155,0.1,0.155,0.29,200.0,0,0,0,0,0,range,1,0,0,0,0
2,12,2023-02-14 00:05:00,2023.02.14 01:00:00,EURUSD,M5,sell,1.0735,1.07336,0.14,midline,10,77.87,0.001204,2.782,1,0,2,2.87,2,13.56,2.46,0.000228,32.5,4.41,0.09,0.245,0.09,0.21,0.09,0.22,0.09,0.225,200.0,0,0,0,0,0,range,1,0,0,0,0
2,14,2023-02-17 04:40:00,2023.02.17 06:00:00,EURUSD,M5,buy,1.06357,1.06384,0.27,midline,15,19.14,0.001567,2.066,1,4,5,5.86,2,2.78,-2.94,0.000239,66.3,-7.78,0.145,0.25,0.145,0.25,0.145,0.25,0.145,0.25,200.0,0,0,0,0,0,trend,1,1,0,0,0
2,16,2023-02-23 01:35:00,2023.02.23 02:30:00,EURUSD,M5,sell,1.06179,1.06156,0.23,midline,10,77.95,0.001164,1.818,1,1,4,2.95,2,5.71,2.21,0.000181,12.9,-6.92,0.185,0.135,0.185,0.07,0.185,0.07,0.185,0.095,200.0,0,0,0,0,0,trend,1,0,0,0,0
2,18,2023-02-24 01:05:00,2023.02.24 01:30:00,EURUSD,M5,sell,1.06132,1.06006,1.26,midline,4,79.24,0.001391,2.002,1,1,5,4.24,4,12.2,2.73,0.000251,54.7,-3.33,0.055,0.655,0.055,0.655,,,,,200.0,0,0,0,0,0,range,1,0,0,0,0
2,20,2023-03-01 00:35:00,2023.03.01 01:10:00,EURUSD,M5,buy,1.05669,1.05712,0.43,midline,6,22.73,0.0016,4.039,1,0,3,2.27,0,23.81,-3.1,0.000233,0.0,-3.44,0.075,0.265,0.075,0.12,0.075,0.12,0.075,0.265,200.0,0,0,0,0,0,range,1,0,0,0,0
2,22,2023-03-01 06:30:00,2023.03.01 07:45:44,EURUSD,M5,sell,1.0602,1.0622,-2.0,sl,14,78.08,0.001196,2.022,1,6,3,3.08,2,20.0,2.36,0.000237,24.0,0.26,0.88,0.055,0.64,0.055,0.64,0.055,0.64,0.055,200.0,1,1,1,1,1,range,1,0,1,1,1
2,24,2023-03-03 01:00:00,2023.03.03 01:50:00,EURUSD,M5,sell,1.06107,1.06062,0.45,midline,9,77.49,0.001204,2.194,1,0,5,2.49,3,20.41,2.37,0.000201,38.0,-3.49,0.185,0.255,0.17,0.08,0.185,0.08,0.185,0.25,200.0,0,0,0,0,0,range,1,0,0,0,0
2,26,2023-03-03 06:55:00,2023.03.03 07:10:00,EURUSD,M5,sell,1.06213,1.06173,0.4,midline,2,77.93,0.001321,1.632,1,6,5,2.93,1,44.74,2.49,0.000225,6.5,-1.26,0.05,0.31,,,,,,,200.0,0,0,0,0,0,range,1,0,0,0,0
2,28,2023-03-07 07:00:00,2023.03.07 07:15:00,EURUSD,M5,buy,1.06764,1.06835,0.71,midline,2,24.52,0.001178,1.757,1,6,2,0.48,2,5.88,-2.11,0.000234,9.6,6.42,0.085,0.425,,,,,,,200.0,0,0,0,0,0,trend,1,0,0,0,0
2,30,2023-03-14 00:10:00,2023.03.14 00:50:00,EURUSD,M5,buy,1.07133,1.07212,0.79,midline,7,24.65,0.001398,1.863,1,0,2,0.35,2,36.84,-2.65,0.000288,40.6,10.04,0.02,0.46,0.02,0.345,0.02,0.345,0.02,0.345,200.0,0,0,0,0,0,trend,1,0,0,0,0
2,32,2023-03-16 05:30:00,2023.03.16 06:05:00,EURUSD,M5,sell,1.06123,1.0607,0.53,midline,6,76.61,0.001341,1.772,1,5,4,1.61,3,36.9,2.67,0.000286,41.9,-8.3,0.145,0.41,0.145,0.275,0.145,0.31,0.145,0.41,200.0,0,0,0,0,0,trend,1,0,0,0,0
2,34,2023-03-28 01:55:00,2023.03.28 02:40:00,EURUSD,M5,sell,1.0817,1.08117,0.53,midline,8,78.15,0.001068,2.05,1,1,2,3.15,4,14.04,2.72,0.000226,26.9,2.88,0.12,0.305,0.12,0.3,0.12,0.305,0.12,0.305,200.0,0,0,0,0,0,range,1,0,0,0,0
2,36,2023-04-02 23:20:00,2023.04.02 23:34:38,EURUSD,M5,buy,1.08298,1.08096,-2.02,sl,1,21.82,0.001318,3.504,2,23,0,3.18,4,0.0,-2.85,0.000235,27.5,-5.39,0.1,0.22,,,,,,,200.0,1,1,0,0,0,chop,1,1,1,1,1
2,38,2023-04-11 01:10:00,2023.04.11 02:15:00,EURUSD,M5,sell,1.08733,1.08702,0.31,midline,12,82.01,0.00093,2.744,1,1,2,7.01,1,0.0,1.77,0.000141,18.4,-4.51,0.28,0.16,0.14,0.055,0.14,0.06,0.14,0.06,200.0,0,0,0,0,0,range,1,0,0,0,0
2,40,2023-04-12 01:55:00,2023.04.12 03:20:00,EURUSD,M5,sell,1.09255,1.09248,0.07,midline,16,78.82,0.000821,3.729,1,1,3,3.82,5,1.61,1.59,0.000166,37.0,3.42,0.165,0.21,0.11,0.21,0.11,0.21,0.11,0.21,200.0,0,0,0,0,0,chop,1,1,0,0,0
2,42,2023-04-14 01:05:00,2023.04.14 01:15:00,EURUSD,M5,sell,1.10552,1.10511,0.41,midline,1,78.68,0.000629,4.877,1,1,5,3.68,2,24.42,1.15,0.000125,22.3,10.29,0.035,0.32,,,,,,,200.0,0,0,0,0,0,trend,1,0,0,0,0
2,44,2023-04-14 03:10:00,2023.04.14 04:10:00,EURUSD,M5,sell,1.1073,1.10677,0.53,midline,11,78.83,0.001552,2.427,1,3,5,3.83,1,19.44,3.05,0.000276,52.6,11.04,0.01,0.335,0.01,0.225,0.01,0.225,0.01,0.31,200.0,0,0,0,0,0,trend,1,0,0,0,0
2,46,2023-04-19 02:00:00,2023.04.19 02:35:00,EURUSD,M5,sell,1.09826,1.09771,0.55,midline,6,76.05,0.000762,1.912,1,1,3,1.05,4,7.41,1.65,0.000167,20.9,1.66,0.07,0.325,0.07,0.18,0.07,0.2,0.07,0.325,200.0,0,0,0,0,0,chop,0,1,0,0,0
2,48,2023-04-19 03:05:00,2023.04.19 03:50:00,EURUSD,M5,buy,1.09662,1.09726,0.64,midline,8,24.7,0.001594,1.957,1,3,3,0.3,2,25.53,-2.58,0.00025,25.4,1.27,0.045,0.39,0.045,0.25,0.045,0.37,0.045,0.39,200.0,0,0,0,0,0,range,1,0,0,0,0
2,50,2023-04-19 06:50:00,2023.04.19 07:05:00,EURUSD,M5,buy,1.09616,1.09693,0.77,midline,2,22.16,0.001173,1.769,1,6,3,2.84,1,8.33,-2.14,0.000164,5.8,0.42,0.07,0.39,,,,,,,200.0,0,0,0,0,0,range,1,0,0,0,0
2,52,2023-04-20 07:15:00,2023.04.20 08:10:00,EURUSD,M5,sell,1.09701,1.09619,0.82,midline,10,77.77,0.001372,1.965,1,7,4,2.77,2,3.33,2.51,0.000217,28.8,0.28,0.16,0.63,0.16,0.19,0.16,0.19,0.16,0.19,200.0,0,0,0,0,0,range,1,0,0,0,0
2,54,2023-04-21 07:50:00,2023.04.21 08:35:00,EURUSD,M5,buy,1.09473,1.09527,0.54,midline,8,23.8,0.001624,1.647,1,7,5,1.2,5,26.92,-3.65,0.000297,16.9,-0.83,0.47,0.295,0.47,0.0,0.47,0.115,0.47,0.125,200.0,0,0,1,0,1,range,1,0,0,0,0
2,56,2023-04-25 01:40:00,2023.04.25 02:40:00,EURUSD,M5,sell,1.10636,1.10613,0.23,midline,11,77.12,0.000998,2.378,1,1,2,2.12,1,19.72,1.82,0.000184,30.2,9.69,0.17,0.3,0.15,0.3,0.15,0.3,0.15,0.3,200.0,0,0,0,0,0,trend,1,0,0,0,0
2,58,2023-04-26 06:45:00,2023.04.26 07:35:00,EURUSD,M5,sell,1.09889,1.09965,-0.76,e8c,9,79.91,0.001476,1.809,1,6,3,4.91,1,4.76,2.22,0.000187,10.3,-3.51,0.4,0.205,0.085,0.205,0.1,0.205,0.135,0.205,200.0,0,0,0,0,0,range,1,0,0,1,0
2,60,2023-05-09 01:05:00,2023.05.09 02:10:00,EURUSD,M5,buy,1.09914,1.09926,0.12,midline,12,18.59,0.001019,3.824,1,1,2,6.41,1,15.07,-1.65,0.000136,23.4,-4.66,0.32,0.065,0.32,0.005,0.32,0.005,0.32,0.005,200.0,0,0,0,0,0,range,1,0,0,0,0
2,62,2023-05-09 12:35:00,2023.05.09 13:45:00,EURUSD,M5,buy,1.09658,1.09626,-0.32,midline,13,23.84,0.001438,1.77,1,12,2,1.16,4,9.47,-2.51,0.000289,56.3,-6.35,0.365,0.07,0.335,0.05,0.335,0.05,0.365,0.05,200.0,0,0,0,0,0,trend,0,1,0,1,0
2,64,2023-05-10 06:25:00,2023.05.10 07:15:00,EURUSD,M5,buy,1.09683,1.09717,0.34,midline,9,24.79,0.00092,2.002,1,6,3,0.21,1,10.71,-1.66,0.000121,6.5,-2.74,0.295,0.205,0.295,0.025,0.295,0.025,0.295,0.025,200.0,0,0,0,0,0,range,1,0,0,0,0
2,66,2023-05-15 07:15:00,2023.05.15 07:25:00,EURUSD,M5,sell,1.08717,1.0868,0.37,midline,1,76.71,0.001117,1.983,1,7,1,1.71,1,0.0,1.71,0.000193,5.2,-6.45,0.02,0.315,,,,,,,200.0,0,0,0,0,0,trend,1,0,0,0,0
2,68,2023-05-17 06:55:00,2023.05.17 07:30:00,EURUSD,M5,buy,1.08567,1.08602,0.35,midline,6,24.14,0.001073,1.98,1,6,3,0.86,1,36.73,-1.95,0.000187,9.9,-2.1,0.325,0.22,0.325,0.025,0.325,0.08,0.325,0.22,200.0,0,0,0,0,0,range,1,0,0,0,0
2,70,2023-05-19 07:10:00,2023.05.19 08:25:00,EURUSD,M5,sell,1.07787,1.07823,-0.36,midline,14,75.76,0.001522,2.457,1,7,5,0.76,5,1.09,2.72,0.000223,56.6,-7.14,0.665,0.14,0.665,0.14,0.665,0.14,0.665,0.14,200.0,1,0,1,1,1,trend,0,1,1,1,0
2,72,2023-05-21 23:25:00,2023.05.22 00:45:00,EURUSD,M5,sell,1.08179,1.08182,-0.03,midline,15,75.77,0.001301,2.178,2,23,0,0.77,5,7.5,2.78,0.000176,32.8,0.67,0.31,0.06,0.09,0.045,0.09,0.045,0.09,0.045,200.0,0,0,0,0,0,chop,0,1,0,1,0
2,74,2023-05-30 06:25:00,2023.05.30 07:35:00,EURUSD,M5,buy,1.06879,1.06939,0.6,midline,13,16.44,0.001579,3.379,1,6,2,8.56,4,21.05,-3.07,0.000267,88.8,-2.4,0.325,0.355,0.2,0.335,0.325,0.335,0.325,0.335,200.0,0,0,0,0,0,range,1,0,0,0,0
2,76,2023-06-05 00:35:00,2023.06.05 01:55:00,EURUSD,M5,buy,1.06962,1.0694,-0.22,midline,15,22.03,0.001241,1.508,1,0,1,2.97,1,7.69,-2.3,0.000176,4.6,-4.94,0.295,0.105,0.125,0.105,0.2,0.105,0.22,0.105,200.0,0,0,0,0,0,range,1,0,0,1,0
2,78,2023-06-06 03:15:00,2023.06.06 03:40:00,EURUSD,M5,sell,1.07245,1.07173,0.72,midline,4,77.44,0.00087,3.235,1,3,2,2.44,2,5.88,1.59,0.000179,39.2,0.62,0.01,0.4,0.01,0.4,,,,,200.0,0,0,0,0,0,range,1,0,0,0,0
2,80,2023-06-07 01:15:00,2023.06.07 02:00:00,EURUSD,M5,sell,1.07009,1.07005,0.04,midline,8,76.26,0.000764,2.122,1,1,3,1.26,2,30.77,1.64,0.000138,10.7,-1.38,0.175,0.15,0.155,0.15,0.155,0.15,0.175,0.15,200.0,0,0,0,0,0,range,1,0,0,0,0
2,82,2023-06-07 06:20:00,2023.06.07 07:25:00,EURUSD,M5,buy,1.06842,1.0676,-0.82,e8c,12,24.76,0.001204,1.809,1,6,3,0.24,4,4.35,-2.28,0.00016,9.2,-2.0,0.465,0.22,0.04,0.22,0.04,0.22,0.04,0.22,200.0,0,0,0,0,0,chop,0,1,0,1,0
2,84,2023-06-08 01:10:00,2023.06.08 02:15:00,EURUSD,M5,sell,1.07093,1.0707,0.23,midline,12,75.32,0.001443,1.545,1,1,4,0.32,1,25.0,2.69,0.000177,1.0,0.19,0.035,0.14,0.0,0.125,0.0,0.13,0.0,0.14,200.0,0,0,0,0,0,range,1,0,0,0,0
2,86,2023-06-12 03:00:00,2023.06.12 04:00:00,EURUSD,M5,buy,1.07369,1.07385,0.16,midline,11,24.59,0.000881,2.082,1,2,1,0.41,2,15.91,-1.66,0.000186,22.9,-0.97,0.195,0.09,0.075,0.085,0.075,0.085,0.075,0.085,200.0,0,0,0,0,0,range,1,0,0,0,0
2,88,2023-06-12 07:05:00,2023.06.12 07:40:00,EURUSD,M5,sell,1.07532,1.07475,0.57,midline,6,81.32,0.001178,2.079,1,7,1,6.32,2,2.5,1.98,0.00018,27.2,-0.7,0.03,0.29,0.03,0.105,0.03,0.235,0.03,0.29,200.0,0,0,0,0,0,range,1,0,0,0,0
2,90,2023-06-13 05:45:00,2023.06.13 06:10:00,EURUSD,M5,sell,1.07825,1.07868,-0.43,e8c,4,76.93,0.00046,1.824,1,5,2,1.93,1,12.5,1.13,0.000134,11.8,3.25,0.31,0.065,0.31,0.065,,,,,200.0,0,0,0,0,0,range,1,0,0,1,0
2,92,2023-06-13 06:10:00,2023.06.13 07:00:00,EURUSD,M5,sell,1.07867,1.0783,0.37,midline,9,83.75,0.00094,1.979,1,6,2,8.75,2,54.05,2.23,0.000152,15.8,4.07,0.47,0.215,0.47,0.0,0.47,0.0,0.47,0.0,200.0,0,0,1,0,1,range,1,0,0,0,0
2,94,2023-06-29 01:20:00,2023.06.29 02:15:00,EURUSD,M5,buy,1.09052,1.09081,0.29,midline,10,19.81,0.001161,2.973,1,1,4,5.19,4,2.17,-2.19,0.000155,31.3,-3.64,0.2,0.25,0.115,0.065,0.155,0.065,0.2,0.065,200.0,0,0,0,0,0,chop,1,1,0,0,0
2,96,2023-06-29 06:00:00,2023.06.29 06:35:00,EURUSD,M5,buy,1.08857,1.08928,0.71,midline,6,22.38,0.000796,2.056,1,5,4,2.62,3,75.0,-1.8,0.000175,11.7,-5.65,0.075,0.455,0.075,0.08,0.075,0.16,0.075,0.455,200.0,0,0,0,0,0,range,1,0,0,0,0
2,98,2023-07-03 07:05:00,2023.07.03 08:15:35,EURUSD,M5,buy,1.0901,1.0881,-2.0,sl,13,24.4,0.001506,4.302,1,7,1,0.6,4,7.02,-2.49,0.000221,43.0,2.0,0.965,0.09,0.635,0.09,0.635,0.09,0.65,0.09,200.0,1,1,1,1,1,chop,0,1,1,1,1
2,100,2023-07-04 20:10:00,2023.07.04 22:20:00,EURUSD,M5,buy,1.08858,1.08796,-0.62,midline,25,22.41,0.001164,1.803,8,20,2,2.59,3,29.17,-2.32,0.000139,15.0,-1.65,0.54,0.08,0.07,0.08,0.16,0.08,0.265,0.08,200.0,1,0,0,0,0,range,1,0,1,1,0
2,102,2023-07-05 06:10:00,2023.07.05 06:35:00,EURUSD,M5,buy,1.08693,1.08764,0.71,midline,4,23.06,0.000866,2.901,1,6,3,1.94,2,25.0,-1.51,0.000132,24.3,-3.57,0.07,0.365,0.07,0.365,,,,,200.0,0,0,0,0,0,range,1,0,0,0,0
2,104,2023-07-06 05:05:00,2023.07.06 05:55:00,EURUSD,M5,buy,1.08358,1.08411,0.53,midline,9,21.67,0.001445,1.702,1,5,4,3.33,1,0.0,-2.12,0.000179,12.7,-6.07,0.105,0.275,0.09,0.07,0.105,0.07,0.105,0.105,200.0,0,0,0,0,0,trend,1,1,0,0,0
2,106,2023-07-11 18:05:00,2023.07.11 19:15:00,EURUSD,M5,sell,1.10052,1.10036,0.16,midline,13,78.03,0.001432,1.848,6,18,2,3.03,4,0.0,3.0,0.000247,27.5,3.64,0.2,0.1,0.2,0.075,0.2,0.075,0.2,0.075,200.0,0,0,0,0,0,chop,1,1,0,0,0
2,108,2023-07-12 01:30:00,2023.07.12 04:05:00,EURUSD,M5,sell,1.10199,1.10278,-0.79,midline,30,82.04,0.000704,2.238,1,1,3,7.04,1,4.0,1.48,0.000141,27.1,5.35,0.68,0.155,0.085,0.155,0.085,0.155,0.16,0.155,200.0,1,0,0,0,0,range,1,0,1,1,0
2,110,2023-07-14 07:00:00,2023.07.14 08:50:00,EURUSD,M5,buy,1.12199,1.12127,-0.72,midline,21,24.61,0.001434,3.002,6,6,5,0.39,2,13.33,-2.88,0.000254,47.0,15.17,0.78,0.29,0.13,0.29,0.25,0.29,0.25,0.29,200.0,1,1,0,0,0,trend,1,0,1,1,0
2,112,2023-07-19 07:00:00,2023.07.19 07:05:00,EURUSD,M5,sell,1.12355,1.12221,1.34,midline,0,76.54,0.001287,3.175,1,6,3,1.54,1,7.25,2.42,0.000202,28.3,-0.53,0.005,0.925,,,,,,,200.0,0,0,0,0,0,range,1,0,0,0,0
2,114,2023-07-20 01:30:00,2023.07.20 01:55:00,EURUSD,M5,sell,1.12089,1.12198,-1.09,e8c,4,75.21,0.000647,2.5,1,1,4,0.21,2,23.81,1.51,0.000123,7.2,-2.73,0.52,0.045,0.52,0.045,,,,,200.0,1,0,1,0,1,range,1,0,1,1,0
2,116,2023-07-20 01:55:00,2023.07.20 03:45:00,EURUSD,M5,sell,1.12197,1.12233,-0.36,midline,21,85.45,0.001534,4.322,1,1,4,10.45,1,5.63,3.32,0.000169,29.6,-2.35,0.465,0.205,0.085,0.205,0.17,0.205,0.275,0.205,200.0,0,0,0,0,0,range,1,0,0,1,0
2,118,2023-07-26 07:00:00,2023.07.26 08:05:00,EURUSD,M5,sell,1.10622,1.10668,-0.46,midline,12,80.54,0.001422,1.88,3,6,3,5.54,1,12.77,3.17,0.000182,18.1,-4.14,0.45,0.27,0.36,0.27,0.43,0.27,0.45,0.27,200.0,0,0,0,0,0,range,1,0,0,1,0
2,120,2023-08-01 22:45:00,2023.08.01 22:53:39,EURUSD,M5,sell,1.0995,1.10153,-2.03,sl,0,76.79,0.001392,1.512,32,22,2,1.79,4,2.22,3.13,0.000282,40.3,-2.92,0.09,0.03,,,,,,,200.0,1,1,0,0,0,chop,0,1,1,1,1
2,122,2023-08-03 05:45:00,2023.08.03 06:25:00,EURUSD,M5,buy,1.09234,1.09286,0.52,midline,7,22.75,0.000945,2.16,1,5,4,2.25,2,0.0,-2.0,0.000187,41.1,-6.4,0.21,0.29,0.21,0.09,0.21,0.09,0.21,0.165,200.0,0,0,0,0,0,trend,1,1,0,0,0
2,124,2023-08-07 06:55:00,2023.08.07 08:05:00,EURUSD,M5,buy,1.09852,1.0977,-0.82,midline,13,22.91,0.001282,1.891,5,6,1,2.09,4,26.09,-2.76,0.0002,3.0,3.18,0.72,0.065,0.325,0.065,0.38,0.065,0.505,0.065,200.0,1,0,0,1,1,range,1,0,1,1,0
2,126,2023-08-08 01:35:00,2023.08.08 03:30:00,EURUSD,M5,buy,1.09942,1.09844,-0.98,midline,22,21.87,0.001154,2.044,1,1,2,3.13,6,41.94,-2.28,0.000157,11.3,2.52,0.87,0.025,0.24,0.025,0.295,0.025,0.305,0.025,200.0,1,1,0,0,0,range,1,0,1,1,0
2,128,2023-08-09 06:10:00,2023.08.09 07:15:00,EURUSD,M5,sell,1.09784,1.09738,0.46,midline,12,76.57,0.001048,6.127,1,6,3,1.57,2,6.1,1.39,0.000179,52.3,-0.42,0.05,0.3,0.01,0.195,0.01,0.225,0.01,0.235,200.0,0,0,0,0,0,range,1,0,0,0,0
2,130,2023-08-10 01:35:00,2023.08.10 01:55:00,EURUSD,M5,buy,1.09678,1.09735,0.57,midline,3,20.66,0.001039,1.818,1,1,4,4.34,7,0.0,-2.16,0.000119,13.4,0.01,0.025,0.305,,,,,,,200.0,0,0,0,0,0,chop,1,1,0,0,0
2,132,2023-08-11 02:55:00,2023.08.11 03:25:00,EURUSD,M5,sell,1.09961,1.09896,0.65,midline,5,76.9,0.001082,3.225,1,2,5,1.9,2,54.29,1.77,0.000233,16.1,-0.64,0.015,0.345,0.015,0.27,0.015,0.345,,,200.0,0,0,0,0,0,range,1,0,0,0,0
2,134,2023-08-16 07:30:00,2023.08.16 08:05:00,EURUSD,M5,sell,1.09272,1.09243,0.29,midline,6,75.25,0.001177,2.938,5,7,3,0.25,2,0.0,1.99,0.000306,53.2,-1.76,0.0,0.52,0.0,0.405,0.0,0.455,0.0,0.52,200.0,0,0,0,0,0,range,1,0,0,0,0
2,136,2023-08-17 01:20:00,2023.08.17 03:05:00,EURUSD,M5,buy,1.08668,1.08688,0.2,midline,20,21.78,0.001423,2.605,1,1,4,3.22,4,16.22,-2.89,0.000173,16.3,-6.4,0.27,0.235,0.01,0.235,0.01,0.235,0.01,0.235,200.0,0,0,0,0,0,trend,1,1,0,0,0
2,138,2023-08-18 01:50:00,2023.08.18 03:35:00,EURUSD,M5,sell,1.08825,1.08879,-0.54,midline,20,77.08,0.000813,2.182,1,1,5,2.08,3,3.85,1.61,0.000163,33.5,-2.86,0.565,0.01,0.475,0.01,0.475,0.01,0.475,0.01,200.0,1,0,1,0,1,chop,1,1,1,1,0
2,140,2023-08-25 00:10:00,2023.08.25 01:10:00,EURUSD,M5,buy,1.07968,1.08016,0.48,midline,11,19.85,0.001374,4.389,1,0,5,5.15,2,14.14,-2.12,0.000171,54.7,-7.48,0.225,0.33,0.225,0.24,0.225,0.24,0.225,0.24,200.0,0,0,0,0,0,trend,1,0,0,0,0
2,142,2023-08-29 07:25:00,2023.08.29 08:20:00,EURUSD,M5,buy,1.08162,1.08175,0.13,midline,10,23.85,0.000757,1.746,1,7,2,1.15,2,17.07,-1.87,0.000196,24.5,2.16,0.39,0.2,0.19,0.2,0.29,0.2,0.385,0.2,200.0,0,0,0,0,0,range,1,0,0,0,0
2,144,2023-08-30 06:25:00,2023.08.30 06:35:00,EURUSD,M5,buy,1.08561,1.08679,1.18,midline,1,18.87,0.001296,3.495,1,6,3,6.13,1,0.0,-2.14,0.000151,10.2,5.13,0.02,0.73,,,,,,,200.0,0,0,0,0,0,range,1,0,0,0,0
2,146,2023-08-31 08:05:00,2023.08.31 09:50:29,EURUSD,M5,buy,1.09037,1.08837,-2.0,sl,20,23.36,0.001473,3.575,5,8,4,1.64,3,8.06,-2.31,0.000321,32.6,5.01,0.975,0.075,0.695,0.035,0.695,0.035,0.695,0.075,200.0,1,1,1,1,1,chop,0,1,1,1,1
2,148,2023-09-01 07:25:00,2023.09.01 07:55:00,EURUSD,M5,buy,1.08308,1.0842,1.12,midline,5,22.94,0.001455,2.836,2,7,5,2.06,2,8.99,-2.53,0.000261,54.1,-4.49,0.11,0.56,0.11,0.45,0.11,0.56,,,200.0,0,0,0,0,0,range,1,0,0,0,0
2,150,2023-09-04 08:20:00,2023.09.04 09:00:00,EURUSD,M5,sell,1.08031,1.07958,0.73,midline,7,76.86,0.001414,1.661,6,8,1,1.86,3,10.42,2.13,0.00032,49.8,-6.25,0.195,0.395,0.195,0.12,0.195,0.22,0.195,0.29,200.0,0,0,0,0,0,trend,0,0,0,0,0
2,152,2023-09-08 01:30:00,2023.09.08 02:20:00,EURUSD,M5,sell,1.07035,1.07051,-0.16,midline,9,79.22,0.00095,2.285,1,1,5,4.22,1,29.27,1.9,0.000131,8.2,-4.34,0.575,0.06,0.545,0.06,0.575,0.06,0.575,0.06,200.0,1,0,1,1,1,range,1,0,1,1,0
2,154,2023-09-08 07:10:00,2023.09.08 07:35:00,EURUSD,M5,sell,1.07253,1.07197,0.56,midline,4,75.55,0.00143,4.06,1,7,5,0.55,0,20.0,2.63,0.000181,0.0,0.1,0.15,0.3,0.15,0.3,,,,,200.0,0,0,0,0,0,range,1,0,0,0,0
2,156,2023-09-11 05:50:00,2023.09.11 06:45:00,EURUSD,M5,sell,1.0736,1.07325,0.35,midline,10,80.63,0.001619,1.874,1,5,1,5.63,1,4.88,3.21,0.000197,14.5,1.71,0.27,0.175,0.14,0.09,0.155,0.09,0.17,0.09,200.0,0,0,0,0,0,range,1,0,0,0,0
2,158,2023-09-12 08:10:00,2023.09.12 09:35:00,EURUSD,M5,buy,1.07299,1.07208,-0.91,midline,16,23.44,0.000985,1.573,4,8,2,1.56,1,7.69,-2.32,0.000252,11.7,0.97,0.885,0.0,0.35,0.0,0.435,0.0,0.465,0.0,200.0,1,1,0,0,0,range,1,0,1,1,0
2,160,2023-09-14 01:50:00,2023.09.14 02:30:00,EURUSD,M5,sell,1.07393,1.07366,0.27,midline,7,75.08,0.000683,2.307,1,1,4,0.08,3,3.13,1.44,0.000155,22.8,-0.66,0.135,0.21,0.135,0.065,0.135,0.115,0.135,0.115,200.0,0,0,0,0,0,chop,0,1,0,0,0
2,162,2023-09-15 07:25:00,2023.09.15 08:05:00,EURUSD,M5,sell,1.06635,1.06581,0.54,midline,7,77.77,0.001309,2.091,5,7,5,2.77,4,20.0,2.97,0.00026,28.5,-7.57,0.2,0.31,0.2,0.15,0.2,0.15,0.2,0.15,200.0,0,0,0,0,0,trend,1,0,0,0,0
2,164,2023-09-20 07:20:00,2023.09.20 07:55:00,EURUSD,M5,sell,1.06904,1.06847,0.57,midline,6,75.34,0.001084,1.93,3,7,3,0.34,3,20.69,1.81,0.000252,31.4,0.0,0.135,0.3,0.125,0.13,0.135,0.13,0.135,0.3,200.0,0,0,0,0,0,range,1,0,0,0,0
2,166,2023-09-21 01:05:00,2023.09.21 01:30:00,EURUSD,M5,buy,1.06484,1.0641,-0.74,e8c,4,20.73,0.000806,2.252,1,1,4,4.27,1,58.14,-1.85,0.000188,2.5,-6.1,0.395,0.095,0.395,0.095,,,,,200.0,0,0,0,0,0,trend,1,0,0,1,0
2,168,2023-09-21 01:30:00,2023.09.21 02:50:00,EURUSD,M5,buy,1.06411,1.06372,-0.39,midline,15,18.34,0.00128,1.988,1,1,4,6.66,2,13.95,-2.8,0.000215,25.4,-6.37,0.67,0.0,0.565,0.0,0.565,0.0,0.67,0.0,200.0,1,0,1,1,1,trend,1,0,1,1,0
2,170,2023-09-21 03:35:00,2023.09.21 04:15:00,EURUSD,M5,buy,1.06213,1.06312,0.99,midline,7,18.75,0.001591,2.595,1,3,4,6.25,1,27.75,-2.02,0.000316,52.7,-8.57,0.125,0.535,0.125,0.31,0.125,0.395,0.125,0.475,200.0,0,0,0,0,0,trend,1,0,0,0,0
2,172,2023-09-26 01:35:00,2023.09.26 02:15:00,EURUSD,M5,buy,1.05813,1.05864,0.51,midline,7,18.6,0.001407,1.715,1,1,2,6.4,4,23.68,-2.66,0.000153,23.3,-7.66,0.04,0.305,0.04,0.19,0.04,0.27,0.04,0.27,200.0,0,0,0,0,0,trend,1,1,0,0,0
2,174,2023-09-27 01:45:00,2023.09.27 02:25:00,EURUSD,M5,buy,1.05599,1.0565,0.51,midline,7,22.53,0.001098,1.833,1,1,3,2.47,3,25.45,-1.97,0.000196,30.3,-6.12,0.205,0.26,0.205,0.065,0.205,0.075,0.205,0.195,200.0,0,0,0,0,0,trend,1,1,0,0,0
2,176,2023-09-27 12:20:00,2023.09.27 13:25:00,EURUSD,M5,buy,1.05438,1.05409,-0.29,midline,12,22.69,0.001613,1.606,4,12,3,2.31,2,10.17,-2.9,0.000308,40.0,-5.81,0.48,0.17,0.48,0.0,0.48,0.0,0.48,0.005,200.0,0,0,1,0,1,range,1,0,0,1,0
2,178,2023-10-02 06:55:00,2023.10.02 07:25:00,EURUSD,M5,buy,1.05622,1.05657,0.35,midline,5,23.58,0.001042,2.097,5,6,1,1.42,5,50.0,-2.19,0.000147,2.2,-0.11,0.1,0.25,0.1,0.195,0.1,0.25,,,200.0,0,0,0,0,0,range,1,0,0,0,0
2,180,2023-10-05 07:15:00,2023.10.05 08:40:00,EURUSD,M5,buy,1.05127,1.05117,-0.1,midline,16,24.94,0.001427,1.885,1,7,4,0.06,4,21.62,-3.03,0.000243,11.3,3.61,0.565,0.155,0.125,0.155,0.21,0.155,0.245,0.155,200.0,1,0,0,0,0,range,1,0,1,1,0
2,182,2023-10-10 00:45:00,2023.10.10 01:20:00,EURUSD,M5,sell,1.05781,1.05754,0.27,midline,6,76.43,0.001165,2.362,1,0,2,1.43,3,70.0,2.59,0.000141,4.5,4.37,0.275,0.365,0.275,0.04,0.275,0.175,0.275,0.365,200.0,0,0,0,0,0,range,1,0,0,0,0
2,184,2023-10-18 01:25:00,2023.10.18 02:30:00,EURUSD,M5,buy,1.05658,1.05649,-0.09,midline,12,23.3,0.001001,2.883,5,1,3,1.7,3,32.0,-1.94,0.000143,21.2,3.37,0.28,0.065,0.165,0.015,0.28,0.015,0.28,0.015,200.0,0,0,0,0,0,range,1,0,0,1,0
2,186,2023-10-18 07:15:00,2023.10.18 07:50:00,EURUSD,M5,sell,1.05913,1.05848,0.65,midline,6,77.65,0.001458,2.088,2,7,3,2.65,3,50.0,3.12,0.000243,33.2,3.96,0.095,0.435,0.095,0.27,0.095,0.375,0.095,0.435,200.0,0,0,0,0,0,range,1,0,0,0,0
2,188,2023-10-23 03:55:00,2023.10.23 04:55:00,EURUSD,M5,buy,1.05746,1.05778,0.32,midline,11,24.95,0.001032,1.919,4,3,1,0.05,3,29.63,-2.03,0.00019,21.1,1.57,0.075,0.175,0.075,0.13,0.075,0.13,0.075,0.13,200.0,0,0,0,0,0,range,1,0,0,0,0
2,190,2023-10-25 01:10:00,2023.10.25 01:35:00,EURUSD,M5,sell,1.05966,1.0596,0.06,midline,4,76.3,0.000471,1.928,3,1,3,1.3,2,22.73,1.05,0.000116,7.8,-4.65,0.1,0.125,0.1,0.125,,,,,200.0,0,0,0,0,0,range,1,0,0,0,0
2,192,2023-10-26 03:20:00,2023.10.26 04:45:00,EURUSD,M5,buy,1.055,1.05446,-0.54,midline,16,24.5,0.001278,1.804,4,3,4,0.5,1,20.41,-2.65,0.000243,13.0,-6.18,0.44,0.0,0.33,0.0,0.33,0.0,0.33,0.0,200.0,0,0,0,0,0,trend,1,0,0,1,0
2,194,2023-10-31 06:45:00,2023.10.31 08:15:00,EURUSD,M5,sell,1.06076,1.06271,-1.95,e8c,17,75.99,0.0015,1.884,2,6,2,0.99,4,25.71,3.13,0.000235,11.4,2.25,0.965,0.21,0.2,0.065,0.2,0.21,0.2,0.21,200.0,1,1,0,0,0,range,1,0,1,1,0
2,196,2023-11-01 23:15:00,2023.11.02 00:25:00,EURUSD,M5,sell,1.05828,1.05936,-1.08,e8c,13,76.25,0.001357,1.575,6,23,3,1.25,1,6.67,2.5,0.000188,8.2,0.52,0.56,0.1,0.02,0.1,0.025,0.1,0.085,0.1,200.0,1,0,0,0,0,range,1,0,1,1,0
2,198,2023-11-02 00:25:00,2023.11.02 01:50:00,EURUSD,M5,sell,1.05933,1.05985,-0.52,midline,16,83.75,0.001638,1.55,3,0,4,8.75,2,18.42,3.46,0.000212,14.5,1.59,0.43,0.115,0.395,0.115,0.395,0.115,0.43,0.115,200.0,0,0,0,0,0,range,1,0,0,1,0
2,200,2023-11-02 12:15:00,2023.11.02 13:25:00,EURUSD,M5,sell,1.06496,1.06524,-0.28,midline,13,81.52,0.001609,2.038,3,12,4,6.52,2,10.87,3.47,0.000382,61.1,8.61,0.895,0.21,0.435,0.21,0.435,0.21,0.685,0.21,200.0,1,1,0,0,0,trend,1,0,1,1,0
2,202,2023-11-07 07:00:00,2023.11.07 08:05:00,EURUSD,M5,buy,1.07006,1.07007,0.01,midline,12,23.98,0.000937,1.523,3,6,2,1.02,3,27.78,-1.73,0.000166,6.9,0.59,0.445,0.03,0.275,0.03,0.275,0.03,0.445,0.03,200.0,0,0,0,0,0,range,1,0,0,0,0
2,204,2023-11-09 06:00:00,2023.11.09 06:35:00,EURUSD,M5,buy,1.07027,1.07077,0.5,midline,6,24.12,0.000791,2.233,2,5,4,0.88,3,35.71,-1.4,0.000115,15.6,2.15,0.065,0.245,0.065,0.12,0.065,0.16,0.065,0.245,200.0,0,0,0,0,0,range,1,0,0,0,0
2,206,2023-11-10 07:10:00,2023.11.10 07:45:00,EURUSD,M5,buy,1.06593,1.06681,0.88,midline,6,23.87,0.000871,2.846,2,7,5,1.13,4,7.35,-1.76,0.000203,32.6,-4.12,0.165,0.465,0.165,0.3,0.165,0.3,0.165,0.465,200.0,0,0,0,0,0,chop,0,1,0,0,0
2,208,2023-11-13 07:15:00,2023.11.13 07:55:00,EURUSD,M5,sell,1.06954,1.06923,0.31,midline,7,76.71,0.001139,1.93,2,7,1,1.71,3,14.29,2.05,0.000192,9.1,0.77,0.105,0.175,0.105,0.155,0.105,0.155,0.105,0.155,200.0,0,0,0,0,0,range,0,0,0,0,0
2,210,2023-11-20 02:30:00,2023.11.20 04:20:00,EURUSD,M5,sell,1.09206,1.09349,-1.43,e8c,21,75.45,0.001495,1.816,3,2,1,0.45,2,12.5,2.79,0.000275,40.2,8.17,0.755,0.155,0.145,0.15,0.15,0.15,0.15,0.15,200.0,1,1,0,0,0,trend,1,0,1,1,0
2,212,2023-11-20 04:20:00,2023.11.20 04:55:00,EURUSD,M5,sell,1.09345,1.09257,0.88,midline,6,78.61,0.001262,2.396,4,4,1,3.61,1,12.04,2.47,0.000258,49.1,9.19,0.02,0.47,0.02,0.45,0.02,0.45,0.02,0.47,200.0,0,0,0,0,0,trend,1,0,0,0,0
2,214,2023-11-23 06:00:00,2023.11.23 06:50:00,EURUSD,M5,sell,1.09103,1.09078,0.25,midline,9,76.94,0.000798,2.205,3,5,4,1.94,4,25.58,1.6,0.000125,19.7,-0.06,0.365,0.145,0.365,0.06,0.365,0.06,0.365,0.1,200.0,0,0,0,0,0,range,1,0,0,0,0
2,216,2023-11-24 06:00:00,2023.11.24 06:30:00,EURUSD,M5,sell,1.09117,1.09068,0.49,midline,5,80.06,0.001389,1.86,4,5,5,5.06,0,10.0,2.09,0.000133,0.0,-0.5,0.0,0.285,0.0,0.26,0.0,0.285,,,200.0,0,0,0,0,0,range,1,0,0,0,0
2,218,2023-11-28 08:00:00,2023.11.28 08:25:00,EURUSD,M5,buy,1.0936,1.09441,0.81,midline,4,23.26,0.001355,1.779,2,7,2,1.74,1,22.58,-3.01,0.000242,19.5,1.59,0.01,0.465,0.01,0.465,,,,,200.0,0,0,0,0,0,range,1,0,0,0,0
2,220,2023-11-28 23:30:00,2023.11.29 00:10:00,EURUSD,M5,sell,1.1004,1.09992,0.48,midline,7,78.37,0.00121,1.884,5,23,2,3.37,4,10.81,2.66,0.000256,22.5,7.14,0.07,0.31,0.07,0.16,0.07,0.16,0.07,0.2,200.0,0,0,0,0,0,trend,1,1,0,0,0
2,222,2023-11-29 01:05:00,2023.11.29 01:50:00,EURUSD,M5,sell,1.10151,1.10067,0.84,midline,8,80.07,0.001302,3.604,3,1,3,5.07,1,18.02,2.9,0.000266,48.3,8.06,0.055,0.445,0.055,0.36,0.055,0.36,0.055,0.36,200.0,0,0,0,0,0,trend,1,0,0,0,0
2,224,2023-11-30 00:55:00,2023.11.30 01:20:00,EURUSD,M5,sell,1.09825,1.09777,0.48,midline,4,79.72,0.000977,1.692,1,0,4,4.72,6,21.95,2.07,0.000133,29.8,0.03,0.06,0.325,0.06,0.325,,,,,200.0,0,0,0,0,0,range,1,0,0,0,0
2,226,2023-12-05 00:40:00,2023.12.05 01:15:00,EURUSD,M5,sell,1.08443,1.08392,0.51,midline,6,78.33,0.00093,1.867,8,0,2,3.33,1,31.25,1.78,0.000157,18.7,-6.47,0.04,0.325,0.04,0.145,0.04,0.145,0.04,0.325,200.0,0,0,0,0,0,trend,1,0,0,0,0
2,228,2023-12-07 07:35:00,2023.12.07 08:25:00,EURUSD,M5,sell,1.0774,1.0776,-0.2,midline,9,75.49,0.001449,1.544,1,7,4,0.49,4,9.68,3.03,0.000301,15.9,-5.65,0.44,0.105,0.355,0.085,0.44,0.085,0.44,0.085,200.0,0,0,0,0,0,chop,0,1,0,1,0
2,230,2023-12-12 07:00:00,2023.12.12 07:50:00,EURUSD,M5,sell,1.07792,1.0777,0.22,midline,9,81.66,0.001014,1.641,8,6,2,6.66,2,11.9,2.13,0.000186,29.4,0.29,0.195,0.26,0.195,0.1,0.195,0.1,0.195,0.1,200.0,0,0,0,0,0,range,1,0,0,0,0
2,232,2023-12-14 00:35:00,2023.12.14 01:15:00,EURUSD,M5,sell,1.08935,1.08884,0.51,midline,7,75.31,0.001405,2.213,7,0,4,0.31,1,13.58,2.24,0.000282,39.6,15.74,0.11,0.405,0.05,0.26,0.11,0.26,0.11,0.3,200.0,0,0,0,0,0,trend,1,0,0,0,0
2,234,2023-12-19 07:20:00,2023.12.19 08:00:00,EURUSD,M5,sell,1.09391,1.09286,1.05,midline,7,75.09,0.001312,2.059,1,7,2,0.09,2,5.48,2.0,0.000306,47.8,1.73,0.115,0.585,0.115,0.345,0.115,0.365,0.115,0.39,200.0,0,0,0,0,0,range,1,0,0,0,0
2,236,2023-12-20 06:05:00,2023.12.20 06:30:00,EURUSD,M5,buy,1.09633,1.09575,-0.58,e8c,4,24.58,0.000696,1.52,1,6,3,0.42,0,9.52,-1.13,0.000157,0.0,3.57,0.37,0.02,0.37,0.02,,,,,200.0,0,0,0,0,0,range,0,0,0,1,0
2,238,2023-12-20 06:30:00,2023.12.20 07:30:00,EURUSD,M5,buy,1.09576,1.09587,0.11,midline,11,13.08,0.001148,1.625,1,6,3,11.92,4,55.56,-2.48,0.000178,9.3,3.37,0.34,0.135,0.12,0.09,0.12,0.135,0.34,0.135,200.0,0,0,0,0,0,range,1,0,0,0,0
2,240,2023-12-26 09:05:00,2023.12.26 10:05:00,EURUSD,M5,buy,1.10126,1.1016,0.34,midline,11,23.87,0.001327,1.92,1,9,2,1.13,4,31.43,-2.72,0.000212,22.6,3.0,0.145,0.175,0.145,0.06,0.145,0.06,0.145,0.06,200.0,0,0,0,0,0,range,1,0,0,0,0
2,242,2023-12-27 01:20:00,2023.12.27 02:00:00,EURUSD,M5,buy,1.10333,1.10361,0.28,midline,7,23.45,0.00097,1.833,1,1,3,1.55,0,9.68,-1.48,0.000148,0.0,4.14,0.08,0.17,0.08,0.095,0.08,0.095,0.08,0.095,200.0,0,0,0,0,0,range,0,0,0,0,0
2,244,2023-12-29 00:55:00,2023.12.29 02:05:00,EURUSD,M5,sell,1.10763,1.10774,-0.11,midline,13,76.63,0.001111,3.293,3,0,5,1.63,1,20.69,1.98,0.000192,10.6,-2.22,0.42,0.125,0.27,0.125,0.27,0.125,0.29,0.125,200.0,0,0,0,0,0,range,1,0,0,1,0
2,246,2024-01-04 03:35:00,2024.01.04 04:30:00,EURUSD,M5,sell,1.09287,1.09254,0.33,midline,10,77.39,0.001151,2.237,3,3,4,2.39,7,36.84,2.13,0.000169,19.6,-6.2,0.105,0.215,0.105,0.175,0.105,0.175,0.105,0.175,200.0,0,0,0,0,0,trend,1,0,0,0,0
2,248,2024-01-05 03:30:00,2024.01.05 04:35:00,EURUSD,M5,buy,1.09411,1.09402,-0.09,midline,12,23.86,0.001422,1.573,3,3,5,1.14,4,20.0,-2.56,0.000185,1.5,-0.51,0.185,0.05,0.11,0.05,0.11,0.05,0.115,0.05,200.0,0,0,0,0,0,range,1,0,0,1,0
2,250,2024-01-05 06:35:00,2024.01.05 07:15:00,EURUSD,M5,buy,1.09275,1.09302,0.27,midline,7,23.23,0.001051,2.11,1,6,5,1.77,5,30.77,-2.49,0.000193,9.1,-2.14,0.15,0.195,0.15,0.045,0.15,0.045,0.15,0.095,200.0,0,0,0,0,0,range,1,0,0,0,0
2,252,2024-01-12 07:15:00,2024.01.12 08:10:00,EURUSD,M5,buy,1.09666,1.09742,0.76,midline,10,24.19,0.001147,2.607,1,7,5,0.81,3,32.26,-2.16,0.000244,20.5,1.75,0.285,0.43,0.285,0.16,0.285,0.16,0.285,0.16,200.0,0,0,0,0,0,range,1,0,0,0,0
2,254,2024-01-16 00:25:00,2024.01.16 00:50:00,EURUSD,M5,buy,1.09415,1.093,-1.15,e8c,4,19.95,0.000851,1.971,3,0,2,5.05,1,14.29,-1.46,0.000145,7.0,-1.51,0.635,0.01,0.635,0.01,,,,,200.0,1,0,1,0,1,range,1,0,1,1,0
2,256,2024-01-18 01:00:00,2024.01.18 02:30:00,EURUSD,M5,sell,1.08941,1.08961,-0.2,midline,17,79.9,0.000965,2.747,3,0,4,4.9,3,6.56,1.89,0.000201,37.3,-0.46,0.43,0.105,0.335,0.105,0.335,0.105,0.335,0.105,200.0,0,0,0,0,0,chop,1,1,0,1,0
2,258,2024-01-19 06:05:00,2024.01.19 06:55:00,EURUSD,M5,buy,1.08803,1.08804,0.01,midline,9,24.73,0.000908,1.783,3,6,5,0.27,0,67.86,-1.73,0.000151,0.0,0.68,0.24,0.075,0.195,0.075,0.24,0.075,0.24,0.075,200.0,0,0,0,0,0,range,1,0,0,0,0
2,260,2024-01-23 05:40:00,2024.01.23 07:00:00,EURUSD,M5,sell,1.09029,1.09141,-1.12,e8c,15,76.4,0.000977,1.652,3,5,2,1.4,1,20.59,1.97,0.000175,10.7,0.99,0.565,0.08,0.255,0.01,0.255,0.08,0.255,0.08,200.0,1,0,0,0,0,range,1,0,1,1,0
2,262,2024-01-23 07:00:00,2024.01.23 07:25:00,EURUSD,M5,sell,1.0914,1.09078,0.62,midline,4,79.0,0.001346,2.072,1,6,2,4.0,2,5.56,2.85,0.000246,15.7,2.01,0.11,0.315,0.11,0.315,,,,,200.0,0,0,0,0,0,range,1,0,0,0,0
2,264,2024-01-25 00:15:00,2024.01.25 01:35:00,EURUSD,M5,buy,1.08755,1.08753,-0.02,midline,15,21.81,0.001097,1.892,3,0,4,3.19,3,13.04,-1.9,0.000133,19.2,-0.01,0.275,0.075,0.155,0.055,0.155,0.055,0.155,0.055,200.0,0,0,0,0,0,range,1,0,0,1,0
2,266,2024-01-25 07:15:00,2024.01.25 07:40:00,EURUSD,M5,sell,1.08892,1.08858,0.34,midline,4,77.13,0.001444,1.572,1,7,4,2.13,0,18.18,2.34,0.000214,0.0,0.15,0.115,0.24,0.115,0.24,,,,,200.0,0,0,0,0,0,range,1,0,0,0,0
2,268,2024-01-26 06:50:00,2024.01.26 07:20:00,EURUSD,M5,buy,1.08305,1.08154,-1.51,e8c,5,23.93,0.001394,2.145,1,6,5,1.07,4,7.5,-2.66,0.000235,7.8,-4.5,0.755,0.025,0.315,0.025,0.755,0.025,,,200.0,1,1,0,0,0,chop,0,1,1,1,0
2,270,2024-01-29 20:05:00,2024.01.29 21:05:00,EURUSD,M5,sell,1.08276,1.08277,-0.01,midline,11,80.53,0.001537,3.885,1,20,1,5.53,1,31.75,2.32,0.00025,36.4,-4.88,0.64,0.085,0.64,0.08,0.64,0.08,0.64,0.08,200.0,1,0,1,1,1,range,1,0,1,1,0
2,272,2024-01-30 07:00:00,2024.01.30 07:45:00,EURUSD,M5,buy,1.0815,1.08167,0.17,midline,8,23.71,0.001226,1.688,1,6,2,1.29,3,39.39,-2.47,0.000238,9.2,-2.29,0.17,0.225,0.17,0.19,0.17,0.19,0.17,0.19,200.0,0,0,0,0,0,range,1,0,0,0,0
2,274,2024-02-01 07:10:00,2024.02.01 08:00:00,EURUSD,M5,buy,1.07932,1.07932,0.0,midline,9,23.24,0.001134,1.508,1,7,4,1.76,3,10.71,-2.32,0.00024,20.0,-4.98,0.48,0.055,0.48,0.01,0.48,0.01,0.48,0.01,200.0,0,0,1,0,1,chop,0,0,0,1,0
2,276,2024-02-04 23:10:00,2024.02.04 23:40:00,EURUSD,M5,buy,1.07734,1.07782,0.48,midline,5,23.78,0.001464,2.118,3,23,0,1.22,1,8.11,-2.2,0.000286,26.5,-9.42,0.18,0.31,0.18,0.205,0.18,0.31,,,200.0,0,0,0,0,0,trend,1,1,0,0,0
2,278,2024-02-06 07:20:00,2024.02.06 07:50:00,EURUSD,M5,sell,1.07621,1.07548,0.73,midline,5,76.5,0.001366,1.68,1,7,2,1.5,4,16.0,2.82,0.00024,19.0,-4.34,0.015,0.405,0.015,0.4,0.015,0.405,,,200.0,0,0,0,0,0,range,1,0,0,0,0
2,280,2024-02-07 01:10:00,2024.02.07 03:00:00,EURUSD,M5,sell,1.07616,1.07637,-0.21,midline,21,75.72,0.000591,2.684,3,1,3,0.72,2,47.37,1.17,0.000124,9.5,-0.65,0.22,0.075,0.055,0.075,0.055,0.075,0.055,0.075,200.0,0,0,0,0,0,range,1,0,0,1,0
2,282,2024-02-13 06:35:00,2024.02.13 07:05:00,EURUSD,M5,sell,1.07703,1.07737,-0.34,e8c,5,79.06,0.000482,1.662,2,6,2,4.06,1,4.17,0.97,0.000136,7.6,-1.86,0.23,0.055,0.105,0.045,0.23,0.055,,,200.0,0,0,0,0,0,range,1,0,0,1,0
2,284,2024-02-13 07:05:00,2024.02.13 07:30:00,EURUSD,M5,sell,1.07735,1.07717,0.18,midline,4,81.49,0.000753,3.756,2,7,2,6.49,1,24.56,1.57,0.000152,9.5,-1.44,0.215,0.205,0.215,0.205,,,,,200.0,0,0,0,0,0,range,1,0,0,0,0
2,286,2024-02-15 12:35:00,2024.02.15 13:30:29,EURUSD,M5,sell,1.07451,1.07661,-2.1,sl,10,75.61,0.000938,1.621,1,12,4,0.61,2,32.35,2.05,0.000241,22.5,0.92,0.29,0.14,0.185,0.14,0.185,0.14,0.185,0.14,200.0,1,1,0,0,0,range,1,0,1,1,1
2,288,2024-02-16 00:30:00,2024.02.16 01:35:00,EURUSD,M5,buy,1.07653,1.07648,-0.05,midline,12,24.42,0.001154,1.513,4,0,5,0.58,3,40.0,-1.91,0.000143,16.5,5.13,0.225,0.045,0.225,0.04,0.225,0.04,0.225,0.04,200.0,0,0,0,0,0,range,1,0,0,1,0
2,290,2024-02-19 07:15:00,2024.02.19 07:50:00,EURUSD,M5,sell,1.07881,1.07841,0.4,midline,6,75.33,0.00085,1.576,2,7,1,0.33,5,37.5,2.03,0.000157,3.6,3.3,0.065,0.26,0.065,0.095,0.065,0.12,0.065,0.26,200.0,0,0,0,0,0,range,1,0,0,0,0
2,292,2024-02-19 18:20:00,2024.02.19 19:20:00,EURUSD,M5,sell,1.07825,1.07791,0.34,midline,11,88.16,0.001326,2.0,2,18,1,13.16,1,18.18,2.56,0.00016,16.0,0.86,0.01,0.24,0.01,0.17,0.01,0.18,0.01,0.24,200.0,0,0,0,0,0,range,1,0,0,0,0
2,294,2024-02-22 00:35:00,2024.02.22 01:40:00,EURUSD,M5,sell,1.08281,1.08285,-0.04,midline,12,75.48,0.000965,1.575,4,0,4,0.48,5,8.33,2.33,0.000163,9.3,3.52,0.185,0.075,0.185,0.03,0.185,0.03,0.185,0.065,200.0,0,0,0,0,0,chop,0,1,0,1,0
2,296,2024-02-22 05:15:00,2024.02.22 05:50:00,EURUSD,M5,sell,1.08327,1.08378,-0.51,e8c,6,76.32,0.000933,1.997,4,5,4,1.32,1,0.0,1.47,0.000141,1.5,4.15,0.26,0.03,0.1,0.03,0.14,0.03,0.26,0.03,200.0,0,0,0,0,0,range,1,0,0,1,0
2,298,2024-02-22 05:50:00,2024.02.22 07:10:00,EURUSD,M5,sell,1.08374,1.08442,-0.68,e8c,15,79.41,0.0011,2.123,4,5,4,4.41,1,17.24,1.92,0.000149,5.4,4.32,0.36,0.24,0.005,0.24,0.005,0.24,0.005,0.24,200.0,0,0,0,0,0,range,1,0,0,1,0
2,300,2024-02-22 07:10:00,2024.02.22 08:15:05,EURUSD,M5,sell,1.0844,1.08673,-2.33,sl,12,76.42,0.000993,2.363,2,7,4,1.42,1,11.11,2.04,0.000201,19.4,4.9,0.9,0.07,0.34,0.07,0.365,0.07,0.505,0.07,200.0,1,1,0,1,1,range,1,0,1,1,1
2,302,2024-02-26 07:10:00,2024.02.26 08:05:00,EURUSD,M5,sell,1.08295,1.08287,0.08,midline,10,75.78,0.000775,2.459,2,7,1,0.78,2,11.11,1.31,0.00018,15.4,0.25,0.365,0.125,0.205,0.025,0.365,0.025,0.365,0.025,200.0,0,0,0,0,0,range,1,0,0,0,0
2,304,2024-02-28 05:35:00,2024.02.28 08:00:00,EURUSD,M5,buy,1.0828,1.08233,-0.47,midline,28,20.02,0.000554,2.283,4,5,3,4.98,3,17.95,-1.12,0.000151,19.6,-1.61,0.585,0.07,0.15,0.0,0.15,0.04,0.15,0.07,200.0,1,0,0,0,0,range,1,0,1,1,0
2,306,2024-03-01 01:35:00,2024.03.01 02:00:00,EURUSD,M5,sell,1.08151,1.08216,-0.65,e8c,4,79.56,0.00099,1.644,4,1,5,4.56,0,38.46,2.1,0.000154,0.0,-3.64,0.31,0.01,0.31,0.01,,,,,200.0,0,0,0,0,0,range,1,0,0,1,0
2,308,2024-03-01 02:00:00,2024.03.01 02:45:00,EURUSD,M5,sell,1.08212,1.08194,0.18,midline,8,88.57,0.0014,1.624,4,1,5,13.57,1,0.0,2.87,0.000159,10.0,-3.42,0.03,0.245,0.03,0.245,0.03,0.245,0.03,0.245,200.0,0,0,0,0,0,range,1,0,0,0,0
2,310,2024-03-04 00:45:00,2024.03.04 01:10:00,EURUSD,M5,sell,1.08477,1.08431,0.46,midline,4,77.56,0.000582,3.589,4,0,1,2.56,2,11.11,1.48,0.000138,13.6,2.94,0.015,0.275,0.015,0.275,,,,,200.0,0,0,0,0,0,range,1,0,0,0,0
2,312,2024-03-06 01:30:00,2024.03.06 02:10:00,EURUSD,M5,buy,1.08462,1.08461,-0.01,midline,7,24.86,0.000887,2.225,4,1,3,0.14,1,12.5,-1.67,0.000165,1.9,0.64,0.225,0.085,0.225,0.01,0.225,0.01,0.225,0.035,200.0,0,0,0,0,0,range,1,0,0,1,0
2,314,2024-03-06 07:15:00,2024.03.06 07:55:00,EURUSD,M5,sell,1.08628,1.08623,0.05,midline,7,76.49,0.000855,2.262,2,7,3,1.49,1,27.78,1.84,0.000178,3.4,1.2,0.185,0.135,0.185,0.12,0.185,0.12,0.185,0.12,200.0,0,0,0,0,0,range,1,0,0,0,0
2,316,2024-03-07 07:45:00,2024.03.07 08:40:00,EURUSD,M5,buy,1.08933,1.08933,0.0,midline,10,24.85,0.001004,1.538,1,7,4,0.15,6,40.74,-2.17,0.000227,13.0,4.35,0.29,0.14,0.105,0.14,0.29,0.14,0.29,0.14,200.0,0,0,0,0,0,range,1,0,0,1,0
2,318,2024-03-08 00:40:00,2024.03.08 00:55:00,EURUSD,M5,sell,1.09547,1.09532,0.15,midline,2,76.61,0.000804,1.571,4,0,5,1.61,0,76.92,1.7,0.000118,0.0,9.35,0.01,0.235,,,,,,,200.0,0,0,0,0,0,trend,1,0,0,0,0
2,320,2024-03-08 07:35:00,2024.03.08 08:45:00,EURUSD,M5,buy,1.09361,1.09366,0.05,midline,13,23.74,0.001198,1.863,1,7,5,1.26,4,9.09,-2.36,0.000259,30.3,6.34,0.36,0.045,0.235,0.045,0.29,0.045,0.29,0.045,200.0,0,0,0,0,0,trend,0,1,0,0,0
2,322,2024-03-13 17:10:00,2024.03.13 18:20:00,EURUSD,M5,sell,1.09575,1.0955,0.25,midline,13,75.28,0.001562,1.845,1,17,3,0.28,3,19.67,3.0,0.000319,43.4,2.99,0.31,0.13,0.31,0.05,0.31,0.05,0.31,0.05,200.0,0,0,0,0,0,range,1,0,0,0,0
2,324,2024-03-19 08:05:00,2024.03.19 09:25:00,EURUSD,M5,buy,1.08519,1.08471,-0.48,midline,15,20.53,0.001603,1.953,1,8,2,4.47,4,0.0,-3.23,0.00024,22.0,-4.11,0.48,0.08,0.305,0.08,0.305,0.08,0.48,0.08,200.0,0,0,0,0,0,chop,1,1,0,1,0
2,326,2024-03-22 00:35:00,2024.03.22 01:05:00,EURUSD,M5,sell,1.08666,1.08635,0.31,midline,5,76.71,0.000737,1.864,2,0,5,1.71,6,33.33,1.52,9.2e-05,3.0,-4.35,0.065,0.18,0.065,0.12,0.065,0.18,,,200.0,0,0,0,0,0,range,1,0,0,0,0
2,328,2024-03-22 01:40:00,2024.03.22 04:05:27,EURUSD,M5,buy,1.08547,1.08347,-2.0,sl,28,24.25,0.000994,2.615,1,1,5,0.75,2,13.64,-1.4,0.000167,39.5,-4.4,0.945,0.1,0.235,0.1,0.255,0.1,0.31,0.1,200.0,1,1,0,0,0,range,1,0,1,1,1
2,330,2024-03-27 22:05:00,2024.03.27 23:35:00,EURUSD,M5,buy,1.08188,1.08136,-0.52,midline,17,24.74,0.000879,2.761,12,22,3,0.26,1,23.42,-0.67,0.000176,36.6,-1.11,0.45,0.0,0.345,0.0,0.345,0.0,0.345,0.0,200.0,0,0,0,0,0,range,1,0,0,1,0
2,332,2024-03-28 07:15:00,2024.03.28 08:09:22,EURUSD,M5,buy,1.08121,1.0792,-2.01,sl,9,22.68,0.001379,2.003,1,7,4,2.32,1,16.67,-2.09,0.000186,7.8,-1.33,0.835,0.04,0.535,0.04,0.535,0.04,0.535,0.04,200.0,1,1,1,1,1,range,1,0,1,1,1
2,334,2024-03-29 07:45:00,2024.03.29 07:50:00,EURUSD,M5,sell,1.07799,1.07745,0.54,midline,0,82.42,0.000599,2.073,2,7,5,7.42,1,4.35,0.89,8.2e-05,20.8,-5.08,0.08,0.3,,,,,,,200.0,0,0,0,0,0,range,1,0,0,0,0
2,336,2024-04-03 08:10:00,2024.04.03 08:40:00,EURUSD,M5,buy,1.0765,1.07695,0.45,midline,5,21.74,0.00117,1.636,1,8,3,3.26,2,26.67,-1.84,0.000163,7.1,1.44,0.05,0.26,0.05,0.165,0.05,0.26,,,200.0,0,0,0,0,0,range,1,0,0,0,0
2,338,2024-04-04 19:10:00,2024.04.04 19:45:00,EURUSD,M5,buy,1.08548,1.08467,-0.81,e8c,6,24.69,0.000631,1.703,1,19,4,0.31,1,20.0,-1.14,0.000157,18.5,7.42,0.41,0.13,0.29,0.13,0.29,0.13,0.41,0.13,200.0,0,0,0,0,0,trend,1,0,0,1,0
2,340,2024-04-04 19:45:00,2024.04.04 21:55:00,EURUSD,M5,buy,1.08468,1.08368,-1.0,midline,25,17.14,0.001543,1.545,1,19,4,7.86,3,0.0,-2.99,0.000205,21.7,7.13,0.765,0.325,0.01,0.325,0.09,0.325,0.155,0.325,200.0,1,1,0,0,0,trend,1,1,1,1,0
2,342,2024-04-09 00:45:00,2024.04.09 01:05:00,EURUSD,M5,sell,1.08631,1.08614,0.17,midline,3,75.19,0.000386,1.536,1,0,2,0.19,3,0.0,0.85,5.9e-05,2.4,4.08,0.015,0.1,,,,,,,200.0,0,0,0,0,0,chop,0,1,0,0,0
2,344,2024-04-11 07:10:00,2024.04.11 08:15:00,EURUSD,M5,buy,1.0737,1.07418,0.48,midline,12,21.81,0.000798,2.219,1,7,4,3.19,3,5.0,-1.51,0.000151,30.6,-10.73,0.52,0.27,0.075,0.105,0.12,0.105,0.12,0.115,200.0,0,0,0,0,0,trend,1,1,0,0,0
2,346,2024-04-12 07:05:00,2024.04.12 07:40:00,EURUSD,M5,buy,1.07068,1.06907,-1.61,e8c,6,22.83,0.000588,3.779,1,7,5,2.17,1,25.71,-1.01,0.00017,23.8,-7.53,0.785,0.15,0.165,0.15,0.25,0.15,0.785,0.15,200.0,1,1,0,1,1,trend,1,0,1,1,0
2,348,2024-04-16 02:10:00,2024.04.16 02:55:00,EURUSD,M5,buy,1.06139,1.06163,0.24,midline,8,23.43,0.001415,1.711,1,2,2,1.57,1,4.88,-2.25,0.000197,10.5,-7.75,0.335,0.16,0.335,0.125,0.335,0.125,0.335,0.125,200.0,0,0,0,0,0,trend,1,1,0,0,0
2,350,2024-04-19 01:20:00,2024.04.19 01:55:00,EURUSD,M5,buy,1.06367,1.0642,0.53,midline,6,23.79,0.000594,2.225,1,1,5,1.21,1,0.0,-0.73,0.000131,15.7,-2.54,0.035,0.345,0.035,0.095,0.035,0.155,0.035,0.345,200.0,0,0,0,0,0,range,1,0,0,0,0
2,352,2024-04-19 02:30:00,2024.04.19 03:35:00,EURUSD,M5,buy,1.06273,1.06192,-0.81,midline,12,22.51,0.001578,1.63,1,2,5,2.49,2,2.27,-3.18,0.000284,17.4,-2.93,0.845,0.035,0.69,0.035,0.69,0.035,0.69,0.035,200.0,1,1,1,1,1,range,1,0,1,1,0
2,354,2024-04-23 07:10:00,2024.04.23 07:55:00,EURUSD,M5,buy,1.06444,1.06487,0.43,midline,8,24.28,0.001073,1.664,1,7,2,0.72,2,14.29,-1.81,0.000161,23.5,-0.03,0.295,0.215,0.295,0.08,0.295,0.08,0.295,0.08,200.0,0,0,0,0,0,range,1,0,0,0,0
2,356,2024-04-24 08:15:00,2024.04.24 09:10:00,EURUSD,M5,buy,1.06884,1.06914,0.3,midline,10,20.5,0.001476,1.879,1,8,3,4.5,2,2.5,-3.02,0.000267,22.9,3.77,0.18,0.235,0.125,0.235,0.125,0.235,0.14,0.235,200.0,0,0,0,0,0,range,1,0,0,0,0
2,358,2024-04-25 01:05:00,2024.04.25 02:10:00,EURUSD,M5,sell,1.07023,1.07015,0.08,midline,12,77.23,0.000538,2.214,2,1,4,2.23,3,4.0,1.0,7.7e-05,20.2,2.47,0.155,0.16,0.11,0.16,0.11,0.16,0.11,0.16,200.0,0,0,0,0,0,chop,1,1,0,0,0
2,360,2024-04-25 07:15:00,2024.04.25 08:10:00,EURUSD,M5,sell,1.07163,1.07153,0.1,midline,10,81.37,0.000766,1.672,1,7,4,6.37,1,6.98,1.72,0.000127,21.5,3.83,0.57,0.105,0.465,0.06,0.57,0.06,0.57,0.06,200.0,0,0,1,1,1,range,1,0,0,0,0
2,362,2024-04-26 07:15:00,2024.04.26 07:45:00,EURUSD,M5,sell,1.07312,1.0737,-0.58,e8c,5,76.02,0.00089,2.028,1,7,5,1.02,1,0.0,1.34,0.000152,15.2,2.81,0.285,0.2,0.135,0.2,0.285,0.2,,,200.0,0,0,0,0,0,range,1,0,0,1,0
2,364,2024-04-26 07:45:00,2024.04.26 08:15:00,EURUSD,M5,sell,1.07369,1.07308,0.61,midline,5,77.78,0.001285,1.602,1,7,5,2.78,1,1.64,2.34,0.000217,21.3,3.01,0.085,0.365,0.085,0.205,0.085,0.365,,,200.0,0,0,0,0,0,range,1,0,0,0,0
2,366,2024-04-26 20:05:00,2024.04.26 20:25:00,EURUSD,M5,sell,1.07058,1.07002,0.56,midline,3,76.79,0.001385,2.163,2,20,5,1.79,3,60.0,2.69,0.00017,2.6,-2.71,0.045,0.32,,,,,,,200.0,0,0,0,0,0,range,1,0,0,0,0
2,368,2024-04-29 01:05:00,2024.04.29 02:10:00,EURUSD,M5,sell,1.07092,1.07084,0.08,midline,12,78.81,0.000834,1.571,1,1,1,3.81,1,4.17,1.81,0.000104,9.9,-1.56,0.09,0.15,0.05,0.135,0.05,0.15,0.05,0.15,200.0,0,0,0,0,0,range,1,0,0,0,0
2,370,2024-04-29 05:15:00,2024.04.29 06:35:00,EURUSD,M5,sell,1.07247,1.07268,-0.21,midline,15,77.58,0.000759,3.225,1,5,1,2.58,2,3.64,1.06,0.000152,33.0,1.37,0.45,0.05,0.25,0.05,0.26,0.05,0.34,0.05,200.0,0,0,0,0,0,range,1,0,0,1,0
2,372,2024-04-30 01:05:00,2024.04.30 01:30:00,EURUSD,M5,buy,1.07103,1.07167,0.64,midline,4,23.0,0.000679,2.505,1,1,2,2.0,2,2.13,-1.29,0.000133,30.3,0.56,0.005,0.335,0.005,0.335,,,,,200.0,0,0,0,0,0,range,1,0,0,0,0
2,374,2024-05-07 07:05:00,2024.05.07 07:55:00,EURUSD,M5,buy,1.07568,1.07629,0.61,midline,9,23.99,0.001183,2.411,1,7,2,1.01,4,29.55,-2.41,0.000203,22.0,0.65,0.135,0.33,0.06,0.175,0.135,0.175,0.135,0.175,200.0,0,0,0,0,0,range,1,0,0,0,0
2,376,2024-05-09 01:15:00,2024.05.09 01:55:00,EURUSD,M5,buy,1.07432,1.07454,0.22,midline,7,23.26,0.000536,2.407,1,1,4,1.74,2,25.0,-0.8,8.7e-05,12.4,-1.01,0.045,0.135,0.025,0.135,0.045,0.135,0.045,0.135,200.0,0,0,0,0,0,range,1,0,0,0,0
2,378,2024-05-09 08:00:00,2024.05.09 08:45:00,EURUSD,M5,buy,1.07375,1.07317,-0.58,e8c,8,17.1,0.000824,1.687,1,7,4,7.9,1,44.44,-1.78,0.000138,4.1,-1.21,0.305,0.185,0.04,0.185,0.085,0.185,0.085,0.185,200.0,0,0,0,0,0,range,1,0,0,1,0
2,380,2024-05-22 00:20:00,2024.05.22 00:40:30,EURUSD,M5,sell,1.08594,1.08579,0.15,midline,3,76.63,0.000482,1.88,9,0,3,1.63,1,0.0,0.79,8.7e-05,7.8,-0.87,0.0,0.135,,,,,,,200.0,0,0,0,0,0,range,1,0,0,0,0
2,382,2024-05-24 07:15:00,2024.05.24 08:00:00,EURUSD,M5,sell,1.08142,1.08136,0.06,midline,8,79.53,0.000501,1.636,7,7,5,4.53,5,0.0,1.1,0.000123,17.5,-3.52,0.19,0.2,0.12,0.2,0.19,0.2,0.19,0.2,200.0,0,0,0,0,0,chop,1,1,0,0,0
2,384,2024-05-27 11:00:00,2024.05.27 11:25:00,EURUSD,M5,sell,1.08672,1.08554,1.18,midline,4,81.97,0.00163,1.922,1,10,1,6.97,3,0.0,3.11,0.0002,46.7,2.61,0.01,0.615,0.01,0.615,,,,,200.0,0,0,0,0,0,chop,1,1,0,0,0
2,386,2024-05-28 01:20:00,2024.05.28 01:55:00,EURUSD,M5,sell,1.08645,1.08687,-0.42,e8c,6,78.06,0.000506,1.956,7,1,2,3.06,5,6.25,1.17,8.8e-05,9.2,2.29,0.195,0.155,0.08,0.155,0.08,0.155,0.195,0.155,200.0,0,0,0,0,0,chop,1,1,0,1,0
2,388,2024-05-28 01:55:00,2024.05.28 04:20:00,EURUSD,M5,sell,1.0868,1.08748,-0.68,midline,28,77.16,0.000716,2.404,7,1,2,2.16,1,16.28,1.29,0.000139,14.9,2.42,0.44,0.18,0.055,0.18,0.105,0.18,0.105,0.18,200.0,0,0,0,0,0,range,1,0,0,1,0
2,390,2024-05-28 12:10:00,2024.05.28 13:05:00,EURUSD,M5,sell,1.08867,1.08828,0.39,midline,10,80.45,0.001087,1.606,1,12,2,5.45,1,4.17,1.84,0.000211,31.2,3.91,0.115,0.365,0.115,0.18,0.115,0.18,0.115,0.18,200.0,0,0,0,0,0,range,1,0,0,0,0
2,392,2024-05-29 01:05:00,2024.05.29 01:55:00,EURUSD,M5,buy,1.08505,1.0852,0.15,midline,9,24.1,0.000645,2.51,7,1,3,0.9,1,15.0,-1.13,0.000106,5.6,-1.28,0.14,0.07,0.14,0.0,0.14,0.0,0.14,0.0,200.0,0,0,0,0,0,range,1,0,0,0,0
2,394,2024-06-03 22:00:00,2024.06.03 22:05:00,EURUSD,M5,sell,1.09029,1.09039,-0.1,midline,0,79.36,0.000575,1.626,26,21,1,4.36,2,13.64,1.36,9.9e-05,6.9,8.38,0.03,0.175,,,,,,,200.0,0,0,0,0,0,trend,1,0,0,1,0
2,396,2024-06-03 23:05:00,2024.06.04 00:40:00,EURUSD,M5,sell,1.09073,1.09075,-0.02,midline,18,76.98,0.000579,2.031,13,23,1,1.98,1,1.28,1.13,0.000224,24.3,9.03,0.105,0.04,0.105,0.015,0.105,0.015,0.105,0.015,200.0,0,0,0,0,0,trend,1,1,0,1,0
2,398,2024-06-04 01:05:00,2024.06.04 02:10:00,EURUSD,M5,sell,1.09141,1.09108,0.33,midline,12,76.21,0.000536,2.979,1,1,2,1.21,1,0.0,0.61,0.000106,29.4,9.19,0.095,0.225,0.04,0.135,0.04,0.135,0.085,0.135,200.0,0,0,0,0,0,trend,1,1,0,0,0
2,400,2024-06-04 07:15:00,2024.06.04 08:15:00,EURUSD,M5,buy,1.09018,1.08932,-0.86,e8c,11,24.38,0.001009,2.013,1,7,2,0.62,0,70.83,-1.79,0.000136,0.0,7.01,0.47,0.08,0.145,0.08,0.235,0.08,0.245,0.08,200.0,0,0,0,0,0,trend,1,0,0,1,0
2,402,2024-06-06 01:15:00,2024.06.06 01:45:00,EURUSD,M5,sell,1.0876,1.08786,-0.26,e8c,5,78.9,0.000418,1.536,1,1,4,3.9,2,66.67,0.87,6.9e-05,0.6,-0.34,0.135,0.01,0.08,0.01,0.135,0.01,,,200.0,0,0,0,0,0,range,1,0,0,1,0
2,404,2024-06-06 01:45:00,2024.06.06 02:10:00,EURUSD,M5,sell,1.08785,1.08845,-0.6,e8c,4,79.11,0.000568,1.535,1,1,4,4.11,1,9.52,1.25,8.3e-05,4.0,-0.25,0.31,0.0,0.31,0.0,,,,,200.0,0,0,0,0,0,range,1,0,0,1,0
2,406,2024-06-06 02:15:00,2024.06.06 03:25:00,EURUSD,M5,sell,1.08875,1.08904,-0.29,midline,13,92.54,0.001445,2.188,1,2,4,17.54,7,7.32,3.07,0.000118,23.4,0.59,0.345,0.05,0.305,0.05,0.305,0.05,0.305,0.05,200.0,0,0,0,0,0,chop,1,1,0,1,0
2,408,2024-06-06 07:35:00,2024.06.06 08:00:00,EURUSD,M5,buy,1.08778,1.08841,0.63,midline,4,24.01,0.00099,1.706,1,7,4,0.99,3,21.05,-2.13,0.00016,7.9,1.86,0.03,0.325,0.03,0.325,,,,,200.0,0,0,0,0,0,range,1,0,0,0,0
2,410,2024-06-07 07:10:00,2024.06.07 07:35:00,EURUSD,M5,buy,1.08885,1.08903,0.18,midline,4,23.37,0.000817,1.913,1,7,5,1.63,1,0.0,-1.43,0.000125,0.8,1.86,0.025,0.18,0.025,0.18,,,,,200.0,0,0,0,0,0,range,1,0,0,0,0
2,412,2024-06-10 04:50:00,2024.06.10 05:15:00,EURUSD,M5,buy,1.07617,1.07485,-1.32,e8c,4,20.7,0.001207,2.229,1,4,1,4.3,1,5.71,-2.08,0.000141,1.5,-13.98,0.665,0.005,0.665,0.005,,,,,200.0,1,0,1,0,1,trend,1,1,1,1,0
2,414,2024-06-12 01:55:00,2024.06.12 02:25:00,EURUSD,M5,buy,1.07359,1.07379,0.2,midline,5,24.81,0.000557,1.84,7,1,3,0.19,3,15.79,-1.06,8.5e-05,2.5,-4.7,0.06,0.12,0.06,0.045,0.06,0.12,,,200.0,0,0,0,0,0,range,1,0,0,0,0
2,416,2024-06-12 07:00:00,2024.06.12 07:50:00,EURUSD,M5,sell,1.07462,1.07432,0.3,midline,9,78.0,0.001015,1.548,1,6,3,3.0,3,9.09,1.73,0.000109,10.5,-3.54,0.045,0.255,0.015,0.255,0.015,0.255,0.035,0.255,200.0,0,0,0,0,0,chop,1,1,0,0,0
2,418,2024-06-13 06:20:00,2024.06.13 06:40:00,EURUSD,M5,buy,1.08019,1.08047,0.28,midline,3,21.53,0.00058,1.721,7,6,4,3.47,1,23.08,-1.14,8.2e-05,4.2,3.6,0.07,0.15,,,,,,,200.0,0,0,0,0,0,range,1,0,0,0,0
2,420,2024-06-14 07:05:00,2024.06.14 07:40:00,EURUSD,M5,buy,1.07286,1.07175,-1.11,e8c,6,22.13,0.000926,2.116,8,7,5,2.87,4,6.06,-1.99,0.000146,24.2,-6.14,0.63,0.21,0.095,0.21,0.21,0.21,0.63,0.21,200.0,1,0,0,0,0,trend,1,1,1,1,0
2,422,2024-06-17 07:05:00,2024.06.17 07:45:00,EURUSD,M5,buy,1.06915,1.06996,0.81,midline,7,17.46,0.001156,3.367,7,7,1,7.54,4,0.0,-1.85,0.000162,58.2,-4.93,0.26,0.41,0.26,0.23,0.26,0.24,0.26,0.25,200.0,0,0,0,0,0,chop,1,1,0,0,0
2,424,2024-06-20 07:10:00,2024.06.20 08:30:00,EURUSD,M5,buy,1.07359,1.07336,-0.23,midline,15,21.08,0.000843,2.019,11,7,4,3.92,1,35.14,-1.5,0.000124,9.4,0.08,0.26,0.09,0.185,0.09,0.185,0.09,0.24,0.09,200.0,0,0,0,0,0,range,1,0,0,1,0
2,426,2024-06-24 01:05:00,2024.06.24 01:35:00,EURUSD,M5,buy,1.06856,1.06905,0.49,midline,5,24.62,0.000923,1.704,1,1,1,0.38,1,16.13,-1.64,0.000124,10.3,-3.3,0.035,0.25,0.035,0.15,0.035,0.25,,,200.0,0,0,0,0,0,range,1,0,0,0,0
2,428,2024-06-24 07:10:00,2024.06.24 07:35:00,EURUSD,M5,sell,1.07005,1.07051,-0.46,e8c,4,76.44,0.00076,2.816,1,7,1,1.44,1,11.76,1.46,0.000123,0.5,-1.73,0.285,0.07,0.285,0.07,,,,,200.0,0,0,0,0,0,range,1,0,0,1,0
2,430,2024-06-25 06:20:00,2024.06.25 07:05:00,EURUSD,M5,sell,1.07436,1.07377,0.59,midline,8,77.35,0.000673,1.514,1,6,2,2.35,5,9.52,1.37,9.6e-05,14.7,3.6,0.03,0.31,0.03,0.135,0.03,0.135,0.03,0.135,200.0,0,0,0,0,0,chop,1,1,0,0,0
2,432,2024-06-26 01:05:00,2024.06.26 01:25:00,EURUSD,M5,buy,1.07073,1.07099,0.26,midline,3,20.97,0.000784,1.777,1,1,3,4.03,0,16.0,-1.04,7.5e-05,0.0,-1.25,0.055,0.135,,,,,,,200.0,0,0,0,0,0,range,1,0,0,0,0
2,434,2024-06-26 07:45:00,2024.06.26 08:15:00,EURUSD,M5,buy,1.06964,1.06896,-0.68,e8c,5,21.37,0.001419,1.546,1,7,3,3.63,1,32.5,-2.43,0.000232,4.1,-1.85,0.335,0.155,0.21,0.155,0.335,0.155,,,200.0,0,0,0,0,0,range,1,0,0,1,0
2,436,2024-06-28 02:00:00,2024.06.28 03:20:00,EURUSD,M5,buy,1.06979,1.06936,-0.43,midline,15,22.96,0.001133,2.53,2,1,5,2.04,2,5.13,-1.87,0.000147,34.4,0.57,0.63,0.055,0.34,0.055,0.485,0.055,0.52,0.055,200.0,1,0,0,1,1,range,1,0,1,1,0
2,438,2024-07-02 08:20:00,2024.07.02 09:15:00,EURUSD,M5,buy,1.07184,1.07212,0.28,midline,10,22.56,0.001582,1.514,1,8,2,2.44,2,2.17,-2.92,0.000261,28.6,-0.52,0.32,0.275,0.29,0.09,0.32,0.09,0.32,0.09,200.0,0,0,0,0,0,range,1,0,0,0,0
2,440,2024-07-03 01:10:00,2024.07.03 01:35:00,EURUSD,M5,sell,1.07526,1.07501,0.25,midline,4,77.15,0.00047,2.447,1,1,3,2.15,1,32.69,1.21,9.5e-05,19.1,2.39,0.055,0.19,0.055,0.19,,,,,200.0,0,0,0,0,0,range,1,0,0,0,0
2,442,2024-07-03 06:10:00,2024.07.03 07:05:00,EURUSD,M5,buy,1.07378,1.07388,0.1,midline,10,20.42,0.000595,1.583,1,6,3,4.58,5,0.0,-1.13,7.7e-05,25.0,1.72,0.09,0.155,0.09,0.07,0.09,0.07,0.09,0.07,200.0,0,0,0,0,0,chop,1,1,0,0,0
2,444,2024-07-03 08:05:00,2024.07.03 10:00:00,EURUSD,M5,sell,1.07525,1.07582,-0.57,midline,22,77.8,0.001365,2.132,1,8,3,2.8,4,11.11,2.43,0.000222,51.1,2.11,0.55,0.095,0.34,0.095,0.34,0.095,0.34,0.095,200.0,1,0,0,0,0,chop,1,0,1,1,0
2,446,2024-07-04 01:05:00,2024.07.04 01:25:00,EURUSD,M5,sell,1.07928,1.079,0.28,midline,3,76.46,0.00043,2.644,1,1,4,1.46,2,20.83,0.92,8.3e-05,12.2,6.1,0.045,0.16,,,,,,,200.0,0,0,0,0,0,trend,1,0,0,0,0
2,448,2024-07-04 22:00:00,2024.07.04 23:05:00,EURUSD,M5,buy,1.08139,1.08117,-0.22,midline,12,24.86,0.000266,6.508,50,21,4,0.14,2,25.71,-0.43,6.8e-05,10.1,5.99,0.255,0.0,0.255,0.0,0.255,0.0,0.255,0.0,200.0,0,0,0,0,0,range,1,0,0,1,0
2,450,2024-07-05 01:45:00,2024.07.05 02:40:00,EURUSD,M5,sell,1.08174,1.08154,0.2,midline,10,78.87,0.000799,1.586,1,1,5,3.87,4,5.88,1.52,0.000101,9.8,5.16,0.025,0.185,0.025,0.185,0.025,0.185,0.025,0.185,200.0,0,0,0,0,0,chop,1,1,0,0,0
2,452,2024-07-08 07:10:00,2024.07.08 07:40:00,EURUSD,M5,buy,1.0818,1.08242,0.62,midline,5,24.63,0.001153,2.229,1,7,1,0.37,1,0.0,-2.12,0.000164,10.6,2.23,0.17,0.32,0.17,0.135,0.17,0.32,,,200.0,0,0,0,0,0,range,1,0,0,0,0
2,454,2024-07-09 00:10:00,2024.07.09 01:35:00,EURUSD,M5,sell,1.0828,1.08298,-0.18,midline,16,75.16,0.000396,1.697,2,0,2,0.16,2,0.0,0.61,7.7e-05,10.2,0.54,0.265,0.025,0.11,0.025,0.11,0.025,0.135,0.025,200.0,0,0,0,0,0,range,1,0,0,1,0
2,456,2024-08-01 07:30:00,2024.08.01 09:03:33,EURUSD,M5,buy,1.08176,1.07975,-2.01,sl,17,23.84,0.000989,1.576,1,7,4,1.16,1,5.8,-2.41,0.000221,31.3,0.13,0.93,0.115,0.33,0.01,0.33,0.01,0.33,0.115,200.0,1,1,0,0,0,range,1,0,1,1,1
2,458,2024-08-02 07:15:00,2024.08.02 07:40:00,EURUSD,M5,sell,1.08075,1.08004,0.71,midline,4,76.08,0.001188,1.672,1,7,5,1.08,5,16.28,2.61,0.000193,22.3,-1.27,0.06,0.41,0.06,0.41,,,,,200.0,0,0,0,0,0,range,1,0,0,0,0
2,460,2024-08-06 01:15:00,2024.08.06 01:35:00,EURUSD,M5,buy,1.09444,1.09521,0.77,midline,3,24.49,0.001214,1.767,1,1,2,0.51,2,1.72,-2.13,0.000265,22.5,7.78,0.035,0.465,,,,,,,200.0,0,0,0,0,0,trend,1,0,0,0,0
2,462,2024-08-07 02:45:00,2024.08.07 04:05:00,EURUSD,M5,buy,1.09162,1.09163,0.01,midline,15,23.86,0.001176,1.795,1,2,3,1.14,3,25.0,-2.21,0.000252,30.6,0.66,0.26,0.15,0.26,0.15,0.26,0.15,0.26,0.15,200.0,0,0,0,0,0,range,1,0,0,0,0
2,464,2024-08-08 00:15:00,2024.08.08 01:00:00,EURUSD,M5,sell,1.09297,1.09273,0.24,midline,8,75.09,0.000807,1.921,1,0,4,0.09,2,13.33,1.55,0.000112,3.8,0.59,0.205,0.145,0.195,0.06,0.205,0.06,0.205,0.06,200.0,0,0,0,0,0,range,1,0,0,0,0
2,466,2024-08-15 02:20:00,2024.08.15 03:05:00,EURUSD,M5,buy,1.1006,1.10067,0.07,midline,8,23.59,0.000779,1.51,4,2,4,1.41,4,15.0,-1.63,0.000134,10.0,4.23,0.155,0.17,0.155,0.055,0.155,0.055,0.155,0.055,200.0,0,0,0,0,0,range,1,0,0,0,0
2,468,2024-08-18 22:01:00,2024.08.18 22:10:00,EURUSD,M5,sell,1.10268,1.10278,-0.1,midline,1,77.02,0.000799,1.517,27,21,5,2.02,0,9.09,1.68,0.000144,0.0,5.0,0.0,0.21,,,,,,,200.0,0,0,0,0,0,range,1,0,0,1,0
2,470,2024-08-18 23:05:00,2024.08.18 23:25:00,EURUSD,M5,sell,1.10319,1.10258,0.61,midline,3,75.72,0.000742,2.308,3,23,0,0.72,1,16.67,1.19,0.000218,26.9,6.08,0.1,0.335,,,,,,,200.0,0,0,0,0,0,trend,1,0,0,0,0
2,472,2024-08-19 04:15:00,2024.08.19 05:35:00,EURUSD,M5,sell,1.10375,1.10391,-0.16,midline,15,76.12,0.000666,1.847,4,4,1,1.12,2,0.0,1.27,0.000144,30.2,5.81,0.14,0.07,0.14,0.07,0.14,0.07,0.14,0.07,200.0,0,0,0,0,0,range,1,0,0,1,0
2,474,2024-08-19 06:55:00,2024.08.19 07:30:00,EURUSD,M5,sell,1.10481,1.10415,0.66,midline,6,75.96,0.001097,1.53,4,6,1,0.96,5,12.5,2.54,0.000151,3.7,6.56,0.095,0.37,0.095,0.17,0.095,0.17,0.095,0.37,200.0,0,0,0,0,0,trend,0,1,0,0,0
2,476,2024-08-28 00:55:00,2024.08.28 01:45:00,EURUSD,M5,buy,1.11775,1.11782,0.07,midline,9,22.49,0.000727,2.651,4,0,3,2.51,4,67.57,-1.43,0.000102,14.9,2.95,0.15,0.085,0.15,0.015,0.15,0.015,0.15,0.04,200.0,0,0,0,0,0,range,1,0,0,0,0
2,478,2024-08-29 01:20:00,2024.08.29 02:35:00,EURUSD,M5,sell,1.11299,1.11291,0.08,midline,14,77.18,0.000632,1.742,4,1,4,2.18,4,34.48,1.36,0.000129,12.6,-3.98,0.19,0.085,0.11,0.08,0.11,0.08,0.11,0.08,200.0,0,0,0,0,0,range,1,0,0,0,0
2,480,2024-09-09 07:30:00,2024.09.09 07:55:00,EURUSD,M5,buy,1.10678,1.10632,-0.46,e8c,4,22.53,0.000909,1.549,4,7,1,2.47,0,88.89,-1.66,0.000159,0.0,-2.89,0.37,0.115,0.37,0.115,,,,,200.0,0,0,0,0,0,range,1,0,0,1,0
2,482,2024-09-09 08:05:00,2024.09.09 08:55:00,EURUSD,M5,buy,1.10579,1.10631,0.52,midline,9,20.23,0.001329,2.103,4,8,1,4.77,1,21.62,-2.79,0.000257,36.8,-3.7,0.15,0.29,0.15,0.205,0.15,0.205,0.15,0.205,200.0,0,0,0,0,0,range,1,0,0,0,0
2,484,2024-09-10 01:10:00,2024.09.10 02:15:00,EURUSD,M5,buy,1.10324,1.10326,0.02,midline,12,23.11,0.00056,2.919,4,1,2,1.89,4,15.62,-1.0,9.7e-05,17.9,-5.9,0.205,0.05,0.205,0.035,0.205,0.035,0.205,0.035,200.0,0,0,0,0,0,range,1,0,0,0,0
2,486,2024-09-10 08:00:00,2024.09.10 08:35:00,EURUSD,M5,sell,1.10491,1.10416,0.75,midline,6,75.69,0.001153,2.2,3,7,2,0.69,1,0.0,1.97,0.000203,30.5,-3.67,0.0,0.505,0.0,0.405,0.0,0.405,0.0,0.505,200.0,0,0,0,0,0,range,1,0,0,0,0
2,488,2024-09-11 02:35:00,2024.09.11 03:45:00,EURUSD,M5,sell,1.10351,1.10354,-0.03,midline,13,80.35,0.001411,2.523,4,2,3,5.35,3,0.0,2.06,0.000214,63.8,-3.67,0.46,0.145,0.24,0.145,0.305,0.145,0.46,0.145,200.0,0,0,0,0,0,chop,1,1,0,1,0
2,490,2024-09-12 07:00:00,2024.09.12 07:40:00,EURUSD,M5,sell,1.10216,1.10202,0.14,midline,7,77.5,0.000576,2.141,4,6,4,2.5,3,0.0,1.3,0.000109,20.2,-2.56,0.11,0.21,0.11,0.21,0.11,0.21,0.11,0.21,200.0,0,0,0,0,0,chop,1,1,0,0,0
2,492,2024-09-13 01:20:00,2024.09.13 02:35:00,EURUSD,M5,sell,1.10834,1.10846,-0.12,midline,14,77.02,0.001086,1.563,4,1,5,2.02,3,19.05,2.16,0.00015,13.8,7.49,0.265,0.155,0.13,0.155,0.13,0.155,0.13,0.155,200.0,0,0,0,0,0,trend,1,1,0,1,0
2,494,2024-09-15 23:30:00,2024.09.16 02:05:00,EURUSD,M5,sell,1.10861,1.10908,-0.47,midline,30,75.16,0.001169,2.373,4,23,0,0.16,1,0.0,2.24,0.000253,22.5,2.57,0.315,0.065,0.035,0.035,0.055,0.035,0.055,0.065,200.0,0,0,0,0,0,range,1,0,0,1,0
2,496,2024-09-16 04:40:00,2024.09.16 05:45:00,EURUSD,M5,sell,1.10983,1.10981,0.02,midline,12,76.88,0.001318,1.591,4,4,1,1.88,5,57.69,2.77,0.000173,6.6,4.06,0.335,0.045,0.335,0.0,0.335,0.0,0.335,0.0,200.0,0,0,0,0,0,range,1,0,0,0,0
2,498,2024-09-16 07:50:00,2024.09.16 10:40:00,EURUSD,M5,sell,1.11117,1.11223,-1.06,midline,33,80.81,0.001545,1.558,4,7,1,5.81,4,7.41,2.9,0.000211,26.3,5.24,0.855,0.12,0.2,0.105,0.2,0.105,0.2,0.12,200.0,1,1,0,0,0,chop,1,1,1,1,0
2,500,2024-09-18 00:35:00,2024.09.18 01:45:00,EURUSD,M5,sell,1.11228,1.11231,-0.03,midline,13,79.42,0.000907,1.731,4,0,3,4.42,2,9.09,1.58,9.1e-05,3.0,0.51,0.095,0.075,0.04,0.05,0.06,0.065,0.06,0.075,200.0,0,0,0,0,0,range,1,0,0,1,0
2,502,2024-09-18 01:55:00,2024.09.18 02:40:00,EURUSD,M5,sell,1.11282,1.11265,0.17,midline,8,79.04,0.00057,2.532,4,1,3,4.04,1,7.94,0.95,0.000138,18.7,0.9,0.11,0.155,0.015,0.12,0.11,0.12,0.11,0.12,200.0,0,0,0,0,0,range,1,0,0,0,0
2,504,2024-09-18 06:05:00,2024.09.18 07:00:00,EURUSD,M5,buy,1.11196,1.11204,0.08,midline,10,22.41,0.000852,1.61,4,6,3,2.59,4,0.0,-1.51,9.6e-05,5.2,1.55,0.1,0.095,0.03,0.085,0.06,0.085,0.065,0.085,200.0,0,0,0,0,0,chop,1,1,0,0,0
2,506,2024-09-19 07:55:00,2024.09.19 09:33:35,EURUSD,M5,sell,1.11403,1.11605,-2.02,sl,18,76.33,0.001305,1.529,3,7,4,1.33,3,45.1,3.11,0.00031,18.0,0.98,0.87,0.15,0.625,0.15,0.625,0.15,0.625,0.15,200.0,1,1,1,1,1,range,1,0,1,1,1
2,508,2024-09-24 23:40:00,2024.09.25 00:40:00,EURUSD,M5,sell,1.11833,1.11856,-0.23,midline,11,76.26,0.000453,2.427,4,23,2,1.26,1,5.56,0.9,0.000124,17.2,6.9,0.275,0.02,0.275,0.02,0.275,0.02,0.275,0.02,200.0,0,0,0,0,0,trend,1,1,0,1,0
2,510,2024-09-26 07:00:00,2024.09.26 07:45:00,EURUSD,M5,sell,1.11494,1.11547,-0.53,e8c,8,77.16,0.001061,1.518,4,6,4,2.16,0,50.0,1.83,0.000134,0.0,-1.95,0.26,0.13,0.1,0.13,0.16,0.13,0.17,0.13,200.0,0,0,0,0,0,range,1,0,0,1,0
2,512,2024-10-03 01:30:00,2024.10.03 02:35:00,EURUSD,M5,buy,1.10386,1.1038,-0.06,midline,12,23.58,0.000751,1.638,4,1,4,1.42,3,7.14,-1.41,0.000135,27.3,-6.36,0.175,0.175,0.075,0.175,0.075,0.175,0.075,0.175,200.0,0,0,0,0,0,trend,0,1,0,1,0
2,514,2024-10-03 06:20:00,2024.10.03 07:05:00,EURUSD,M5,buy,1.1026,1.10284,0.24,midline,8,23.76,0.000897,2.029,4,6,4,1.24,3,0.0,-1.66,0.000157,23.7,-6.93,0.055,0.19,0.055,0.115,0.055,0.115,0.055,0.115,200.0,0,0,0,0,0,trend,0,1,0,0,0
2,516,2024-10-14 01:05:00,2024.10.14 01:30:00,EURUSD,M5,buy,1.09174,1.09223,0.49,midline,4,16.66,0.00119,2.803,4,1,1,8.34,1,19.78,-2.36,0.000161,23.7,-2.39,0.11,0.33,0.11,0.33,,,,,200.0,0,0,0,0,0,range,1,0,0,0,0
2,518,2024-10-16 07:05:00,2024.10.16 08:10:00,EURUSD,M5,buy,1.08811,1.08827,0.16,midline,12,21.76,0.000725,4.864,4,7,3,3.24,1,23.08,-0.86,0.000154,36.8,-2.83,0.3,0.11,0.12,0.11,0.205,0.11,0.23,0.11,200.0,0,0,0,0,0,range,1,0,0,0,0
2,520,2024-10-21 06:00:00,2024.10.21 06:50:00,EURUSD,M5,buy,1.08589,1.0861,0.21,midline,9,23.57,0.000948,1.752,4,5,1,1.43,6,27.27,-1.89,0.000102,3.0,1.26,0.02,0.22,0.02,0.22,0.02,0.22,0.02,0.22,200.0,0,0,0,0,0,range,1,0,0,0,0
2,522,2024-10-23 12:45:00,2024.10.23 13:50:00,EURUSD,M5,buy,1.07705,1.07715,0.1,midline,12,19.51,0.000989,1.574,3,12,3,5.49,1,20.51,-1.59,0.000186,33.0,-6.23,0.47,0.22,0.38,0.035,0.38,0.035,0.38,0.035,200.0,0,0,0,0,0,trend,1,0,0,0,0
2,524,2024-10-24 01:55:00,2024.10.24 02:20:00,EURUSD,M5,sell,1.07884,1.0784,0.44,midline,4,76.44,0.000819,2.119,4,1,4,1.44,2,37.93,1.62,0.000131,13.0,-2.99,0.06,0.26,0.06,0.26,,,,,200.0,0,0,0,0,0,range,1,0,0,0,0
2,526,2024-10-27 22:05:00,2024.10.27 22:20:00,EURUSD,M5,buy,1.07901,1.07956,0.55,midline,2,23.28,0.000614,2.58,13,22,0,1.72,1,40.0,-1.14,0.000174,27.6,-2.73,0.08,0.28,,,,,,,200.0,0,0,0,0,0,range,1,0,0,0,0
2,528,2024-10-28 08:10:00,2024.10.28 09:35:00,EURUSD,M5,sell,1.08053,1.08149,-0.96,midline,16,76.2,0.001399,1.712,4,8,1,1.2,1,20.0,2.92,0.000243,0.2,-1.76,0.795,0.02,0.54,0.02,0.54,0.02,0.54,0.02,200.0,1,1,1,1,1,range,1,0,1,1,0
2,530,2024-10-30 06:45:00,2024.10.30 07:10:00,EURUSD,M5,sell,1.08231,1.08193,0.38,midline,4,76.44,0.001139,1.535,4,6,3,1.44,0,20.0,2.13,0.000113,0.0,1.27,0.15,0.215,0.15,0.215,,,,,200.0,0,0,0,0,0,range,1,0,0,0,0
2,532,2024-10-31 02:00:00,2024.10.31 02:40:00,EURUSD,M5,buy,1.08451,1.08507,0.56,midline,7,19.78,0.001161,1.529,4,1,4,5.22,5,17.86,-2.57,0.000176,23.8,4.52,0.04,0.285,0.04,0.23,0.04,0.23,0.04,0.235,200.0,0,0,0,0,0,range,1,0,0,0,0
2,534,2024-11-01 08:10:00,2024.11.01 09:10:00,EURUSD,M5,buy,1.08632,1.08677,0.45,midline,11,24.1,0.001234,1.561,4,8,5,0.9,3,0.0,-2.34,0.000218,30.4,2.27,0.3,0.22,0.3,0.0,0.3,0.0,0.3,0.0,200.0,0,0,0,0,0,chop,0,1,0,0,0
2,536,2024-11-05 07:10:00,2024.11.05 08:15:00,EURUSD,M5,sell,1.08864,1.08875,-0.11,midline,12,76.16,0.000724,1.874,4,7,2,1.16,3,0.0,1.28,0.000147,28.3,0.35,0.215,0.11,0.165,0.075,0.215,0.075,0.215,0.075,200.0,0,0,0,0,0,chop,0,1,0,1,0
2,538,2024-11-05 23:20:00,2024.11.05 23:45:00,EURUSD,M5,buy,1.09153,1.09262,1.09,midline,4,21.33,0.001161,2.974,4,23,2,3.67,3,50.77,-1.91,0.000264,41.1,6.07,0.08,0.7,0.08,0.7,,,,,200.0,0,0,0,0,0,trend,1,0,0,0,0
2,540,2024-11-07 07:10:00,2024.11.07 07:55:00,EURUSD,M5,sell,1.07569,1.07554,0.15,midline,8,76.4,0.001399,1.871,4,7,4,1.4,2,0.0,2.77,0.000269,36.8,-7.5,0.65,0.205,0.65,0.045,0.65,0.045,0.65,0.045,200.0,0,0,1,1,1,trend,1,0,0,0,0
2,542,2024-11-14 05:20:00,2024.11.14 05:45:00,EURUSD,M5,buy,1.05377,1.05449,0.72,midline,4,22.96,0.001133,2.462,4,5,4,2.04,3,48.48,-2.49,0.000222,33.9,-11.41,0.12,0.38,0.12,0.38,,,,,200.0,0,0,0,0,0,trend,1,1,0,0,0
2,544,2024-11-15 06:50:00,2024.11.15 08:10:00,EURUSD,M5,sell,1.05558,1.05569,-0.11,midline,15,77.09,0.001603,2.067,4,6,5,2.09,3,43.31,2.49,0.000306,58.3,-3.94,0.4,0.255,0.135,0.255,0.25,0.255,0.25,0.255,200.0,0,0,0,0,0,range,1,0,0,1,0
2,546,2024-11-28 00:15:00,2024.11.28 01:05:00,EURUSD,M5,buy,1.05573,1.05502,-0.71,e8c,9,24.45,0.001274,1.573,4,0,4,0.55,3,44.44,-2.26,0.00015,7.5,9.19,0.365,0.23,0.035,0.23,0.035,0.23,0.075,0.23,200.0,0,0,0,0,0,trend,1,0,0,1,0
2,548,2024-11-28 01:05:00,2024.11.28 01:30:00,EURUSD,M5,buy,1.05505,1.05576,0.71,midline,4,20.26,0.001537,1.721,3,1,4,4.74,2,4.76,-2.82,0.000218,8.6,8.08,0.165,0.385,0.165,0.385,,,,,200.0,0,0,0,0,0,trend,1,0,0,0,0
2,550,2024-12-04 06:55:00,2024.12.04 07:15:00,EURUSD,M5,sell,1.05243,1.05162,0.81,midline,3,75.48,0.001361,1.713,4,6,3,0.48,2,63.49,3.18,0.000289,12.1,-0.74,0.11,0.445,,,,,,,200.0,0,0,0,0,0,range,1,0,0,0,0
2,552,2024-12-06 01:55:00,2024.12.06 02:20:00,EURUSD,M5,buy,1.0568,1.05719,0.39,midline,4,19.48,0.001606,1.821,4,1,5,5.52,0,79.17,-3.22,0.000197,0.0,8.02,0.045,0.27,0.045,0.27,,,,,200.0,0,0,0,0,0,trend,1,0,0,0,0
2,554,2024-12-12 00:05:00,2024.12.12 00:40:00,EURUSD,M5,sell,1.05074,1.05046,0.28,midline,6,77.87,0.001383,2.665,4,0,4,2.87,1,3.85,2.73,0.000157,2.2,-4.05,0.055,0.25,0.055,0.225,0.055,0.23,0.055,0.25,200.0,0,0,0,0,0,range,1,0,0,0,0
2,556,2024-12-12 07:05:00,2024.12.12 08:00:00,EURUSD,M5,sell,1.05183,1.05162,0.21,midline,10,79.9,0.001227,1.721,4,7,4,4.9,6,3.33,2.35,0.000211,39.7,-1.08,0.63,0.105,0.63,0.01,0.63,0.01,0.63,0.01,200.0,0,0,1,1,1,chop,1,1,0,0,0
2,558,2024-12-16 00:55:00,2024.12.16 02:25:00,EURUSD,M5,sell,1.05179,1.05176,0.03,midline,17,76.13,0.001351,1.902,4,0,1,1.13,1,10.0,3.3,0.000216,1.5,2.16,0.245,0.275,0.135,0.275,0.135,0.275,0.135,0.275,200.0,0,0,0,0,0,range,1,0,0,0,0
2,560,2024-12-17 00:55:00,2024.12.17 01:30:00,EURUSD,M5,sell,1.05337,1.0521,1.27,midline,6,86.36,0.001649,2.431,4,0,2,11.36,2,20.56,3.3,0.000212,56.0,2.59,0.0,0.695,0.0,0.645,0.0,0.645,0.0,0.695,200.0,0,0,0,0,0,range,1,0,0,0,0
2,562,2024-12-17 06:00:00,2024.12.17 06:25:00,EURUSD,M5,buy,1.0505,1.04979,-0.71,e8c,4,24.32,0.000663,1.981,4,5,2,0.68,1,63.33,-1.47,0.000149,3.2,1.53,0.37,0.135,0.37,0.135,,,,,200.0,0,0,0,0,0,range,1,0,0,1,0
2,564,2024-12-18 00:20:00,2024.12.18 01:10:00,EURUSD,M5,sell,1.04991,1.04971,0.2,midline,9,75.44,0.000703,1.782,4,0,3,0.44,3,25.81,1.29,0.00013,16.1,-1.52,0.18,0.125,0.155,0.055,0.18,0.055,0.18,0.055,200.0,0,0,0,0,0,range,1,0,0,0,0
2,566,2024-12-18 07:55:00,2024.12.18 09:15:00,EURUSD,M5,buy,1.04948,1.04963,0.15,midline,15,24.71,0.001524,1.743,4,7,3,0.29,3,9.26,-2.4,0.000268,44.4,0.35,0.37,0.19,0.275,0.19,0.37,0.19,0.37,0.19,200.0,0,0,0,0,0,chop,0,1,0,0,0
2,568,2024-12-23 07:45:00,2024.12.23 09:00:00,EURUSD,M5,buy,1.04231,1.04178,-0.53,midline,14,20.8,0.001413,1.708,4,7,1,4.2,1,1.35,-2.87,0.000261,42.5,4.16,0.795,0.01,0.6,0.01,0.6,0.01,0.6,0.01,200.0,1,1,1,1,1,range,1,0,1,1,0
2,570,2024-12-26 07:25:00,2024.12.26 07:55:00,EURUSD,M5,buy,1.03926,1.03965,0.39,midline,5,24.27,0.000829,1.966,4,7,4,0.73,3,84.62,-1.52,0.000159,15.7,-0.5,0.09,0.365,0.09,0.18,0.09,0.365,,,200.0,0,0,0,0,0,range,1,0,0,0,0
2,572,2025-01-03 07:05:00,2025.01.03 07:20:00,EURUSD,M5,sell,1.02812,1.02763,0.49,midline,2,75.96,0.001027,2.695,4,7,5,0.96,3,21.15,2.21,0.000187,21.6,-9.72,0.015,0.48,,,,,,,200.0,0,0,0,0,0,trend,1,0,0,0,0
2,574,2025-01-09 00:35:00,2025.01.09 01:00:00,EURUSD,M5,buy,1.03052,1.0313,0.78,midline,4,23.0,0.001089,1.763,4,0,4,2.0,1,0.0,-1.98,0.000193,35.6,-4.56,0.02,0.395,0.02,0.395,,,,,200.0,0,0,0,0,0,range,1,0,0,0,0
2,576,2025-01-10 06:00:00,2025.01.10 07:10:00,EURUSD,M5,buy,1.02861,1.02876,0.15,midline,13,23.69,0.001096,2.045,4,5,5,1.31,1,19.64,-2.34,0.000187,26.3,-3.2,0.25,0.1,0.195,0.1,0.205,0.1,0.205,0.1,200.0,0,0,0,0,0,range,1,0,0,0,0
2,578,2025-01-16 07:15:00,2025.01.16 08:15:00,EURUSD,M5,sell,1.02982,1.02931,0.51,midline,11,76.36,0.001611,1.788,4,7,4,1.36,2,0.0,2.62,0.000251,33.2,0.43,0.155,0.285,0.155,0.22,0.155,0.22,0.155,0.22,200.0,0,0,0,0,0,range,1,0,0,0,0
2,580,2025-01-27 23:05:00,2025.01.27 23:18:23,EURUSD,M5,buy,1.04804,1.04603,-2.01,sl,1,21.22,0.001014,3.19,4,23,1,3.78,2,31.3,-1.11,0.000216,52.9,2.8,0.44,0.065,,,,,,,200.0,1,1,0,0,0,range,1,0,1,1,1
2,582,2025-01-31 07:25:00,2025.01.31 07:55:00,EURUSD,M5,sell,1.04036,1.04023,0.13,midline,5,78.5,0.001645,1.637,4,7,5,3.5,1,11.94,3.07,0.000266,20.0,-4.18,0.45,0.345,0.45,0.13,0.45,0.345,,,200.0,0,0,1,0,1,range,1,0,0,0,0
2,584,2025-02-19 06:15:00,2025.02.19 07:00:00,EURUSD,M5,sell,1.04596,1.04551,0.45,midline,8,77.27,0.001048,1.879,4,6,3,2.27,2,25.0,2.17,0.000145,10.9,-0.94,0.08,0.265,0.08,0.09,0.08,0.095,0.08,0.165,200.0,0,0,0,0,0,range,1,0,0,0,0
2,586,2025-04-03 23:20:00,2025.04.04 00:05:00,EURUSD,M5,sell,1.10587,1.10568,0.19,midline,8,77.31,0.001162,1.692,9,23,4,2.31,2,23.08,3.67,0.000315,21.1,21.01,0.615,0.16,0.615,0.11,0.615,0.125,0.615,0.125,200.0,0,0,1,1,1,trend,1,0,0,0,0
2,588,2025-05-06 01:15:00,2025.05.06 02:45:00,EURUSD,M5,buy,1.12993,1.12898,-0.95,midline,17,22.97,0.001365,1.589,10,1,2,2.03,2,4.05,-2.39,0.000223,60.2,-2.3,0.99,0.0,0.94,0.0,0.94,0.0,0.94,0.0,200.0,1,1,1,1,1,range,1,0,1,1,0
2,590,2025-05-16 06:10:00,2025.05.16 07:10:00,EURUSD,M5,sell,1.12135,1.12126,0.09,midline,11,75.3,0.001399,1.635,8,6,5,0.3,2,6.35,1.96,0.000282,48.2,2.53,0.23,0.475,0.0,0.475,0.0,0.475,0.02,0.475,200.0,0,0,0,0,0,range,1,0,0,0,0
2,592,2025-05-20 01:25:00,2025.05.20 02:00:00,EURUSD,M5,buy,1.1224,1.12278,0.38,midline,6,21.99,0.001239,2.18,12,1,2,3.01,1,14.63,-2.92,0.000204,17.2,3.59,0.32,0.175,0.32,0.02,0.32,0.075,0.32,0.175,200.0,0,0,0,0,0,range,1,0,0,0,0
2,594,2025-05-21 01:30:00,2025.05.21 01:55:00,EURUSD,M5,sell,1.12968,1.12949,0.19,midline,4,75.68,0.001431,1.678,8,1,3,0.68,2,15.38,2.35,0.000217,26.6,7.95,0.195,0.445,0.195,0.445,,,,,200.0,0,0,0,0,0,trend,1,0,0,0,0
2,596,2025-05-28 01:30:00,2025.05.28 01:55:00,EURUSD,M5,sell,1.13442,1.13362,0.8,midline,4,77.14,0.00099,1.609,8,1,3,2.14,2,4.0,2.03,0.000163,18.7,-3.68,0.055,0.535,0.055,0.535,,,,,200.0,0,0,0,0,0,range,1,0,0,0,0
2,598,2025-05-29 00:15:00,2025.05.29 00:33:30,EURUSD,M5,buy,1.12789,1.12588,-2.01,sl,2,19.64,0.001568,3.511,10,0,4,5.36,3,15.48,-2.72,0.000236,53.0,-6.71,0.56,0.0,,,,,,,200.0,1,1,0,0,0,trend,1,1,1,1,1
2,600,2025-06-04 00:50:00,2025.06.04 01:35:00,EURUSD,M5,sell,1.13842,1.138,0.42,midline,8,78.74,0.001187,1.665,12,0,3,3.74,4,50.0,2.22,0.000164,22.5,-3.09,0.215,0.315,0.215,0.24,0.215,0.24,0.215,0.24,200.0,0,0,0,0,0,range,1,0,0,0,0
2,602,2025-06-08 23:15:00,2025.06.09 00:45:00,EURUSD,M5,sell,1.14024,1.14052,-0.28,midline,17,75.98,0.001042,5.655,11,23,0,0.98,3,66.67,1.52,0.000232,27.4,-3.39,0.415,0.055,0.095,0.055,0.095,0.055,0.095,0.055,200.0,0,0,0,0,0,range,1,0,0,1,0
2,604,2025-06-11 23:10:00,2025.06.12 00:00:00,EURUSD,M5,sell,1.14936,1.1506,-1.24,e8c,9,75.18,0.00094,2.608,12,23,3,0.18,2,0.0,1.64,0.000223,23.3,8.53,0.73,0.15,0.04,0.15,0.14,0.15,0.145,0.15,200.0,1,0,0,0,0,trend,1,1,1,1,0
2,606,2025-06-13 00:45:00,2025.06.13 01:14:39,EURUSD,M5,sell,1.15962,1.15661,3.01,tp,4,78.66,0.000905,2.29,12,0,5,3.66,3,28.57,2.0,0.000168,5.6,12.51,0.895,0.11,0.895,0.11,,,,,200.0,0,1,1,0,1,trend,1,1,0,0,0
2,608,2025-06-23 23:10:00,2025.06.24 00:05:00,EURUSD,M5,sell,1.15926,1.15917,0.09,midline,10,78.16,0.001343,3.2,8,23,1,3.16,2,15.2,1.65,0.000292,71.5,11.76,0.46,0.36,0.46,0.105,0.46,0.105,0.46,0.22,200.0,0,0,1,0,1,trend,1,0,0,0,0
2,610,2025-06-26 23:40:00,2025.06.27 00:05:00,EURUSD,M5,buy,1.16832,1.16881,0.49,midline,4,23.65,0.001157,1.619,11,23,4,1.35,1,1.18,-2.18,0.000422,45.7,6.21,0.16,0.385,0.16,0.385,,,,,200.0,0,0,0,0,0,trend,1,0,0,0,0
2,612,2025-07-04 00:35:00,2025.07.04 01:45:00,EURUSD,M5,sell,1.17667,1.17648,0.19,midline,13,75.1,0.000965,1.907,8,0,5,0.1,2,19.7,1.8,0.00019,35.6,-2.64,0.215,0.145,0.215,0.06,0.215,0.06,0.215,0.06,200.0,0,0,0,0,0,range,1,0,0,0,0
2,614,2025-07-07 07:35:00,2025.07.07 09:43:35,EURUSD,M5,buy,1.17529,1.17329,-2.0,sl,24,24.65,0.001369,1.826,10,7,1,0.35,2,18.1,-2.05,0.000325,59.9,-1.33,0.95,0.255,0.165,0.13,0.165,0.255,0.255,0.255,200.0,1,1,0,0,0,range,1,0,1,1,1
2,616,2025-07-10 01:00:00,2025.07.10 02:15:00,EURUSD,M5,sell,1.17374,1.17397,-0.23,midline,14,79.0,0.001136,2.989,8,0,4,4.0,1,14.68,2.43,0.000154,50.5,0.41,0.585,0.115,0.46,0.115,0.46,0.115,0.465,0.115,200.0,1,0,1,0,1,range,1,0,1,1,0
2,618,2025-07-21 08:05:00,2025.07.21 08:35:00,EURUSD,M5,sell,1.1646,1.16381,0.79,midline,5,75.61,0.00152,1.848,11,8,1,0.61,1,6.33,3.15,0.000291,19.3,1.79,0.0,0.545,0.0,0.375,0.0,0.545,,,200.0,0,0,0,0,0,range,1,0,0,0,0
2,620,2025-07-28 07:20:00,2025.07.28 07:25:37,EURUSD,M5,buy,1.17325,1.17121,-2.04,sl,0,23.65,0.001333,1.622,8,7,1,1.35,1,0.0,-2.59,0.00026,24.1,0.23,0.645,0.0,,,,,,,200.0,1,1,0,0,0,range,1,0,1,1,1
2,622,2025-07-30 01:20:00,2025.07.30 02:30:00,EURUSD,M5,sell,1.15587,1.15627,-0.4,midline,13,77.56,0.00097,1.654,10,1,3,2.56,4,31.11,2.07,0.000153,27.6,-9.64,0.675,0.065,0.28,0.065,0.34,0.065,0.34,0.065,200.0,1,0,0,0,0,trend,1,0,1,1,0
2,624,2025-08-08 06:30:00,2025.08.08 07:20:00,EURUSD,M5,buy,1.16445,1.16478,0.33,midline,9,22.31,0.001632,1.939,8,6,5,2.69,4,12.5,-3.27,0.000236,38.3,3.1,0.295,0.235,0.235,0.03,0.295,0.03,0.295,0.03,200.0,0,0,0,0,0,range,1,0,0,0,0
2,626,2025-08-11 08:05:00,2025.08.11 09:25:00,EURUSD,M5,buy,1.16597,1.16535,-0.62,midline,15,24.22,0.000973,2.13,11,8,1,0.78,1,12.99,-1.83,0.000229,28.0,3.33,0.81,0.075,0.3,0.075,0.44,0.075,0.55,0.075,200.0,1,1,0,1,1,range,1,0,1,1,0
2,628,2025-08-11 12:40:00,2025.08.11 14:15:00,EURUSD,M5,buy,1.16313,1.16216,-0.97,midline,18,22.88,0.001431,1.72,10,12,1,2.12,3,17.39,-3.13,0.000277,33.4,-0.79,0.885,0.06,0.435,0.06,0.485,0.06,0.755,0.06,200.0,1,1,0,1,1,range,1,0,1,1,0
2,630,2025-08-18 23:10:00,2025.08.19 00:15:00,EURUSD,M5,sell,1.16728,1.16653,0.75,midline,12,76.11,0.001212,3.244,12,23,1,1.11,1,19.0,0.83,0.00022,41.3,-2.93,0.06,0.455,0.06,0.355,0.06,0.355,0.06,0.355,200.0,0,0,0,0,0,range,1,0,0,0,0
2,632,2025-08-21 07:35:00,2025.08.21 08:20:00,EURUSD,M5,buy,1.16331,1.16428,0.97,midline,8,23.22,0.001559,1.581,11,7,4,1.78,3,0.0,-3.09,0.000238,25.1,-1.83,0.43,0.505,0.39,0.1,0.43,0.1,0.43,0.1,200.0,0,0,0,0,0,chop,0,1,0,0,0
2,634,2025-08-22 04:40:00,2025.08.22 06:45:00,EURUSD,M5,buy,1.15932,1.15881,-0.51,midline,24,21.32,0.001615,1.618,12,4,5,3.68,4,14.29,-3.08,0.000288,54.3,-4.93,0.54,0.085,0.24,0.085,0.24,0.085,0.24,0.085,200.0,1,0,0,0,0,range,1,0,1,1,0
2,636,2025-08-25 07:20:00,2025.08.25 08:20:00,EURUSD,M5,sell,1.17173,1.1715,0.23,midline,11,76.38,0.001472,1.954,9,7,1,1.38,3,0.0,2.42,0.000238,46.0,7.64,0.135,0.31,0.105,0.18,0.135,0.18,0.135,0.18,200.0,0,0,0,0,0,trend,0,1,0,0,0
2,638,2025-08-27 05:25:00,2025.08.27 06:30:00,EURUSD,M5,buy,1.16168,1.16171,0.03,midline,12,24.54,0.001511,1.581,10,5,3,0.46,1,19.15,-2.83,0.000209,14.4,-3.17,0.26,0.065,0.26,0.065,0.26,0.065,0.26,0.065,200.0,0,0,0,0,0,range,1,0,0,0,0
2,640,2025-09-01 07:10:00,2025.09.01 08:10:00,EURUSD,M5,sell,1.17227,1.17217,0.1,midline,11,77.05,0.001278,2.075,10,7,1,2.05,1,14.67,2.07,0.000202,39.3,6.33,0.505,0.275,0.14,0.275,0.46,0.275,0.505,0.275,200.0,0,0,0,0,0,trend,1,0,0,0,0
2,642,2025-09-03 07:35:00,2025.09.03 08:00:00,EURUSD,M5,sell,1.16419,1.16332,0.87,midline,4,75.45,0.001053,1.794,8,7,3,0.45,2,0.0,1.86,0.000246,43.4,-5.43,0.025,0.515,0.025,0.515,,,,,200.0,0,0,0,0,0,range,1,0,0,0,0
2,644,2025-09-09 00:25:00,2025.09.09 01:05:00,EURUSD,M5,sell,1.17725,1.17674,0.51,midline,7,76.94,0.001076,2.157,2,0,2,1.94,3,6.82,2.12,0.000184,29.4,8.18,0.02,0.315,0.02,0.235,0.02,0.235,0.02,0.235,200.0,0,0,0,0,0,trend,0,1,0,0,0
2,646,2025-09-12 08:05:00,2025.09.12 09:05:00,EURUSD,M5,sell,1.17443,1.17394,0.49,midline,11,77.13,0.001561,1.682,1,8,5,2.13,2,36.36,3.14,0.000324,47.5,2.49,0.18,0.37,0.18,0.12,0.18,0.365,0.18,0.365,200.0,0,0,0,0,0,range,1,0,0,0,0
2,648,2025-09-15 07:25:00,2025.09.15 07:55:00,EURUSD,M5,buy,1.17208,1.17248,0.4,midline,5,24.37,0.001109,2.067,2,7,1,0.63,2,47.37,-1.89,0.000185,22.5,0.75,0.24,0.27,0.24,0.145,0.24,0.27,,,200.0,0,0,0,0,0,range,1,0,0,0,0
2,650,2025-09-16 04:35:00,2025.09.16 05:05:00,EURUSD,M5,sell,1.17826,1.17771,0.55,midline,5,77.15,0.001154,2.183,2,4,2,2.15,1,19.23,2.13,0.000256,17.8,4.53,0.225,0.385,0.225,0.25,0.225,0.385,,,200.0,0,0,0,0,0,range,1,0,0,0,0
2,652,2025-09-18 05:35:00,2025.09.18 07:07:37,EURUSD,M5,buy,1.18027,1.17827,-2.0,sl,17,24.55,0.001367,2.042,2,5,4,0.45,1,6.35,-2.01,0.000228,33.1,-1.4,0.88,0.2,0.465,0.2,0.505,0.2,0.54,0.2,200.0,1,1,0,1,1,range,1,0,1,1,1
2,654,2025-09-23 02:40:00,2025.09.23 03:15:00,EURUSD,M5,sell,1.18136,1.18066,0.7,midline,6,77.42,0.001491,1.963,2,2,2,2.42,1,15.38,2.1,0.000237,4.3,4.9,0.33,0.415,0.33,0.005,0.33,0.11,0.33,0.415,200.0,0,0,0,0,0,range,1,0,0,0,0
2,656,2025-09-29 01:15:00,2025.09.29 02:10:00,EURUSD,M5,sell,1.17175,1.17152,0.23,midline,10,76.88,0.001359,2.779,2,1,1,1.88,3,5.88,2.29,0.000192,21.3,0.44,0.285,0.155,0.13,0.09,0.21,0.09,0.21,0.09,200.0,0,0,0,0,0,chop,0,1,0,0,0
2,658,2025-09-30 01:50:00,2025.09.30 02:35:00,EURUSD,M5,buy,1.17157,1.17243,0.86,midline,8,23.98,0.001326,2.735,2,1,2,1.02,4,1.41,-2.36,0.000233,49.3,1.28,0.16,0.505,0.16,0.505,0.16,0.505,0.16,0.505,200.0,0,0,0,0,0,chop,0,1,0,0,0
2,660,2025-10-01 07:45:00,2025.10.01 08:30:00,EURUSD,M5,sell,1.17717,1.17538,1.79,midline,8,75.61,0.001473,2.514,1,7,3,0.61,2,28.3,3.01,0.000388,47.2,3.26,0.36,0.89,0.28,0.285,0.36,0.285,0.36,0.285,200.0,0,0,0,0,0,range,1,0,0,0,0
2,662,2025-10-08 02:05:00,2025.10.08 02:30:00,EURUSD,M5,buy,1.16406,1.16299,-1.07,e8c,4,23.37,0.00149,4.907,2,2,3,1.63,1,39.09,-1.7,0.00027,14.5,-6.11,0.665,0.175,0.665,0.175,,,,,200.0,1,0,0,0,0,trend,1,0,1,1,0
2,664,2025-10-09 07:10:00,2025.10.09 07:54:14,EURUSD,M5,buy,1.16321,1.16121,-2.0,sl,7,21.04,0.00132,2.672,2,7,4,3.96,3,22.58,-2.45,0.000201,35.1,-0.95,0.835,0.105,0.545,0.105,0.61,0.105,0.725,0.105,200.0,1,1,1,1,1,range,1,0,1,1,1
2,666,2025-10-15 02:25:00,2025.10.15 03:55:00,EURUSD,M5,sell,1.16217,1.16257,-0.4,midline,17,75.06,0.001618,1.733,2,2,3,0.06,2,22.95,2.57,0.000284,35.1,3.8,0.23,0.29,0.07,0.29,0.07,0.29,0.07,0.29,200.0,0,0,0,0,0,range,1,0,0,1,0
2,668,2025-10-16 01:35:00,2025.10.16 03:20:00,EURUSD,M5,sell,1.16607,1.16681,-0.74,midline,20,79.27,0.001451,3.191,2,1,4,4.27,3,16.9,3.0,0.000205,42.8,6.0,0.745,0.07,0.31,0.07,0.31,0.07,0.31,0.07,200.0,1,0,0,0,0,trend,1,0,1,1,0
2,670,2025-10-17 01:50:00,2025.10.17 02:20:00,EURUSD,M5,sell,1.17057,1.17013,0.44,midline,5,75.68,0.000882,1.876,2,1,5,0.68,1,0.0,2.02,0.000202,19.4,7.95,0.295,0.24,0.295,0.05,0.295,0.24,,,200.0,0,0,0,0,0,trend,1,1,0,0,0
2,672,2025-10-21 01:15:00,2025.10.21 02:20:00,EURUSD,M5,sell,1.16515,1.16514,0.01,midline,12,75.42,0.000844,1.654,2,1,2,0.42,3,20.83,1.44,0.000166,23.8,-2.65,0.19,0.145,0.055,0.145,0.155,0.145,0.155,0.145,200.0,0,0,0,0,0,range,1,0,0,0,0
2,674,2025-10-23 01:10:00,2025.10.23 01:55:00,EURUSD,M5,buy,1.16014,1.16063,0.49,midline,8,20.75,0.000894,2.862,2,1,4,4.25,2,7.5,-1.51,0.000143,23.5,-1.26,0.2,0.255,0.2,0.07,0.2,0.07,0.2,0.07,200.0,0,0,0,0,0,range,1,0,0,0,0
2,676,2025-10-27 01:15:00,2025.10.27 01:50:00,EURUSD,M5,sell,1.16438,1.16369,0.69,midline,6,76.62,0.001235,2.094,2,1,1,1.62,3,32.14,2.41,0.00024,34.6,2.78,0.2,0.36,0.2,0.175,0.2,0.24,0.2,0.36,200.0,0,0,0,0,0,range,1,0,0,0,0
2,678,2025-10-27 04:10:00,2025.10.27 05:05:00,EURUSD,M5,buy,1.16222,1.16241,0.19,midline,10,22.01,0.000792,1.689,2,4,1,2.99,4,16.67,-1.89,0.000151,28.3,2.19,0.09,0.22,0.075,0.135,0.075,0.135,0.075,0.135,200.0,0,0,0,0,0,range,1,0,0,0,0
2,680,2025-10-27 18:55:00,2025.10.27 20:05:00,EURUSD,M5,sell,1.16502,1.16456,0.46,midline,13,75.18,0.001321,1.858,2,18,1,0.18,3,0.0,2.19,0.000216,42.1,2.67,0.09,0.33,0.09,0.305,0.09,0.305,0.09,0.315,200.0,0,0,0,0,0,chop,0,1,0,0,0
2,682,2025-10-29 03:45:00,2025.10.29 06:05:00,EURUSD,M5,buy,1.16388,1.1626,-1.28,midline,27,24.25,0.000682,1.598,2,3,3,0.75,2,27.27,-1.54,0.000171,14.6,0.4,0.645,0.01,0.17,0.01,0.175,0.01,0.175,0.01,200.0,1,0,0,0,0,range,1,0,1,1,0
2,684,2025-10-31 07:10:00,2025.10.31 08:00:00,EURUSD,M5,buy,1.15556,1.15649,0.93,midline,9,21.84,0.001576,1.633,2,7,5,3.16,4,11.32,-3.22,0.000264,32.9,-5.66,0.05,0.525,0.05,0.385,0.05,0.385,0.05,0.385,200.0,0,0,0,0,0,chop,1,0,0,0,0
2,686,2025-11-04 00:05:00,2025.11.04 01:45:00,EURUSD,M5,buy,1.15124,1.15061,-0.63,midline,19,24.46,0.000617,2.119,2,0,2,0.54,1,0.0,-0.64,0.000142,37.8,-4.24,0.745,0.0,0.335,0.0,0.335,0.0,0.335,0.0,200.0,1,0,0,0,0,range,1,0,1,1,0
2,688,2025-11-04 06:25:00,2025.11.04 08:00:00,EURUSD,M5,sell,1.15242,1.15269,-0.27,midline,18,76.52,0.001234,2.309,2,6,2,1.52,1,13.86,1.85,0.000267,53.7,-3.78,0.485,0.2,0.135,0.2,0.135,0.2,0.135,0.2,200.0,0,0,0,0,0,range,1,0,0,1,0
2,690,2025-11-04 11:55:00,2025.11.04 13:05:00,EURUSD,M5,buy,1.14917,1.14916,-0.01,midline,13,23.37,0.001513,1.583,1,11,2,1.63,4,33.33,-3.15,0.000282,29.2,-4.27,0.75,0.08,0.245,0.08,0.51,0.08,0.545,0.08,200.0,1,1,0,1,1,range,1,0,1,1,0
2,692,2025-11-07 19:50:00,2025.11.07 20:40:00,EURUSD,M5,buy,1.15565,1.15652,0.87,midline,9,22.06,0.001565,2.174,2,19,5,2.94,2,3.9,-3.49,0.000287,47.5,6.37,0.04,0.455,0.04,0.39,0.04,0.415,0.04,0.415,200.0,0,0,0,0,0,trend,1,0,0,0,0
2,694,2025-11-24 05:05:00,2025.11.24 06:00:00,EURUSD,M5,sell,1.15253,1.15223,0.3,midline,10,76.52,0.000622,1.511,2,5,1,1.52,2,12.77,1.26,0.000168,27.9,-1.5,0.14,0.16,0.14,0.09,0.14,0.145,0.14,0.145,200.0,0,0,0,0,0,range,1,0,0,0,0
2,696,2025-11-27 00:05:00,2025.11.27 01:20:00,EURUSD,M5,sell,1.16049,1.16014,0.35,midline,14,75.19,0.000911,1.559,2,0,4,0.19,1,0.0,1.87,0.000137,17.4,5.53,0.06,0.26,0.0,0.26,0.0,0.26,0.0,0.26,200.0,0,0,0,0,0,range,1,0,0,0,0
2,698,2025-11-28 02:00:00,2025.11.28 03:05:00,EURUSD,M5,buy,1.15834,1.15854,0.2,midline,12,23.6,0.00164,1.591,2,1,5,1.4,0,48.28,-3.41,0.000252,0.0,1.6,0.17,0.25,0.035,0.235,0.035,0.25,0.035,0.25,200.0,0,0,0,0,0,range,1,0,0,0,0
2,700,2025-12-04 20:40:00,2025.12.04 21:50:00,EURUSD,M5,buy,1.16434,1.16441,0.07,midline,13,23.04,0.000935,1.55,2,20,4,1.96,3,28.3,-2.22,0.000216,22.9,0.0,0.155,0.1,0.105,0.08,0.105,0.08,0.105,0.08,200.0,0,0,0,0,0,range,1,0,0,0,0
2,702,2025-12-05 01:05:00,2025.12.05 02:25:00,EURUSD,M5,sell,1.16518,1.16517,0.01,midline,15,77.32,0.001027,1.525,2,1,5,2.32,1,11.54,1.46,0.000156,0.0,-0.96,0.13,0.12,0.055,0.12,0.055,0.12,0.055,0.12,200.0,0,0,0,0,0,range,1,0,0,0,0
2,704,2025-12-08 06:05:00,2025.12.08 06:55:00,EURUSD,M5,sell,1.16691,1.16594,0.97,midline,9,80.78,0.001147,4.11,2,6,1,5.78,1,19.39,1.83,0.000215,72.3,1.14,0.045,0.54,0.045,0.4,0.045,0.41,0.045,0.41,200.0,0,0,0,0,0,range,1,0,0,0,0
2,706,2025-12-10 08:00:00,2025.12.10 09:15:00,EURUSD,M5,sell,1.1648,1.16436,0.44,midline,14,78.59,0.001503,2.861,1,7,3,3.59,2,22.22,2.55,0.000242,29.7,-0.64,0.5,0.23,0.085,0.225,0.105,0.225,0.32,0.225,200.0,0,0,0,0,0,range,1,0,0,0,0
2,708,2025-12-11 07:40:00,2025.12.11 09:00:00,EURUSD,M5,sell,1.16992,1.16976,0.16,midline,15,77.21,0.001515,1.539,1,7,4,2.21,6,34.38,2.65,0.000242,9.0,5.58,0.385,0.32,0.09,0.32,0.125,0.32,0.195,0.32,200.0,0,0,0,0,0,range,1,0,0,0,0
2,710,2025-12-17 04:30:00,2025.12.17 06:00:00,EURUSD,M5,buy,1.17302,1.17289,-0.13,midline,17,20.51,0.000831,1.57,2,4,3,4.49,2,8.11,-1.96,0.000152,21.6,-1.45,0.275,0.075,0.135,0.07,0.135,0.075,0.135,0.075,200.0,0,0,0,0,0,range,1,0,0,1,0
2,712,2025-12-17 07:00:00,2025.12.17 08:00:00,EURUSD,M5,buy,1.17099,1.17137,0.38,midline,11,19.55,0.001565,3.952,1,6,3,5.45,2,33.33,-3.2,0.000257,49.4,-3.28,0.345,0.18,0.345,0.085,0.345,0.085,0.345,0.085,200.0,0,0,0,0,0,range,1,0,0,0,0
2,714,2025-12-19 20:55:00,2025.12.21 22:10:30,EURUSD,M5,buy,1.17094,1.17141,0.47,midline,13,22.5,0.001033,2.195,6,20,5,2.5,2,3.66,-1.73,0.000184,48.1,-1.13,0.18,0.545,0.165,0.2,0.165,0.2,0.165,0.2,200.0,0,0,0,0,0,range,1,0,0,0,0
2,716,2025-12-22 07:55:00,2025.12.22 09:20:00,EURUSD,M5,sell,1.17295,1.173,-0.05,midline,16,77.42,0.00144,1.747,6,7,1,2.42,6,20.0,2.84,0.000226,25.6,-0.29,0.425,0.33,0.095,0.33,0.095,0.33,0.095,0.33,200.0,0,0,0,0,0,range,1,0,0,1,0
2,718,2025-12-29 05:05:00,2025.12.29 06:10:00,EURUSD,M5,buy,1.17631,1.1756,-0.71,midline,12,23.65,0.001219,1.506,7,5,1,1.35,2,51.61,-2.51,0.000183,4.6,-0.85,0.48,0.0,0.48,0.0,0.48,0.0,0.48,0.0,200.0,0,0,1,0,1,range,1,0,0,1,0
2,720,2026-01-02 01:05:00,2026.01.02 02:35:00,EURUSD,M5,sell,1.17583,1.17605,-0.22,midline,17,76.1,0.00092,2.544,6,1,5,1.1,2,14.29,1.7,0.000135,15.0,0.19,0.255,0.11,0.1,0.11,0.155,0.11,0.155,0.11,200.0,0,0,0,0,0,range,1,0,0,1,0
2,722,2026-01-02 06:20:00,2026.01.02 07:25:00,EURUSD,M5,buy,1.17472,1.17435,-0.37,midline,12,18.27,0.001147,1.767,6,6,5,6.73,5,86.36,-2.8,0.000143,2.7,0.65,0.3,0.0,0.3,0.0,0.3,0.0,0.3,0.0,200.0,0,0,0,0,0,range,1,0,0,1,0
2,724,2026-01-02 07:35:00,2026.01.02 09:10:00,EURUSD,M5,buy,1.17328,1.17336,0.08,midline,18,14.21,0.001205,1.868,7,7,5,10.79,1,5.38,-2.11,0.000235,46.6,-0.37,0.46,0.3,0.04,0.3,0.09,0.3,0.135,0.3,200.0,0,0,0,0,0,range,1,0,0,0,0
2,726,2026-01-04 23:05:00,2026.01.05 00:25:00,EURUSD,M5,buy,1.17041,1.17089,0.48,midline,15,19.65,0.001463,3.5,6,23,0,5.35,2,22.39,-2.01,0.000273,80.1,-4.22,0.105,0.415,0.03,0.415,0.03,0.415,0.03,0.415,200.0,0,0,0,0,0,range,1,0,0,0,0
2,728,2026-01-05 23:50:00,2026.01.06 01:00:00,EURUSD,M5,buy,1.17153,1.17165,0.12,midline,13,20.65,0.00065,2.265,6,23,1,4.35,1,0.0,-1.29,0.000102,4.8,1.14,0.25,0.07,0.14,0.065,0.14,0.065,0.14,0.065,200.0,0,0,0,0,0,range,1,0,0,0,0
2,730,2026-01-07 07:40:00,2026.01.07 08:45:00,EURUSD,M5,buy,1.16832,1.16811,-0.21,midline,12,24.39,0.001257,2.111,7,7,3,0.61,2,21.82,-2.31,0.000217,32.8,-2.32,0.535,0.195,0.245,0.195,0.335,0.195,0.365,0.195,200.0,1,0,0,0,0,range,1,0,1,1,0
2,732,2026-01-12 05:35:00,2026.01.12 06:50:00,EURUSD,M5,sell,1.16681,1.16664,0.17,midline,14,76.52,0.001418,1.575,6,5,1,1.52,6,26.19,2.67,0.00017,24.6,0.54,0.135,0.21,0.135,0.145,0.135,0.145,0.135,0.175,200.0,0,0,0,0,0,range,1,0,0,0,0
2,734,2026-01-13 13:00:00,2026.01.13 13:35:00,EURUSD,M5,buy,1.16554,1.16691,1.37,midline,6,24.63,0.001442,2.439,6,12,2,0.37,6,50.0,-2.95,0.000241,13.9,0.25,0.285,1.09,0.27,0.135,0.285,0.135,0.285,1.09,200.0,0,0,0,0,0,range,1,0,0,0,0
2,736,2026-01-16 02:45:00,2026.01.16 03:00:00,EURUSD,M5,sell,1.16138,1.16099,0.39,midline,2,75.08,0.000826,2.406,6,2,5,0.08,2,0.0,1.49,0.000157,16.6,-3.84,0.005,0.28,,,,,,,200.0,0,0,0,0,0,range,1,0,0,0,0
2,738,2026-01-20 00:45:00,2026.01.20 01:00:00,EURUSD,M5,buy,1.16341,1.164,0.59,midline,2,23.34,0.00088,1.559,6,0,2,1.66,0,66.67,-1.69,0.000122,0.0,2.59,0.085,0.33,,,,,,,200.0,0,0,0,0,0,range,1,0,0,0,0
2,740,2026-01-21 23:35:00,2026.01.22 00:25:00,EURUSD,M5,buy,1.16751,1.16792,0.41,midline,9,24.71,0.001121,3.729,7,23,3,0.29,3,69.12,-2.52,0.000169,19.6,-2.17,0.185,0.19,0.185,0.07,0.185,0.07,0.185,0.17,200.0,0,0,0,0,0,range,1,0,0,0,0
2,742,2026-01-28 23:20:00,2026.01.29 00:34:15,EURUSD,M5,sell,1.19655,1.19855,-2.0,sl,13,75.18,0.001259,2.655,6,23,3,0.18,1,0.0,2.44,0.00017,41.9,2.28,0.85,0.035,0.595,0.035,0.595,0.035,0.595,0.035,200.0,1,1,1,1,1,range,1,0,1,1,1
2,744,2026-02-05 07:05:00,2026.02.05 08:35:00,EURUSD,M5,sell,1.17999,1.18046,-0.47,midline,17,75.27,0.001048,1.654,6,7,4,0.27,1,8.33,1.63,0.000261,54.4,-3.75,0.43,0.225,0.15,0.225,0.15,0.225,0.15,0.225,200.0,0,0,0,0,0,range,1,0,0,1,0
2,746,2026-02-11 06:10:00,2026.02.11 06:35:00,EURUSD,M5,sell,1.19238,1.19159,0.79,midline,4,75.22,0.001546,1.783,6,6,3,0.22,2,30.19,2.55,0.000223,14.2,4.53,0.025,0.435,0.025,0.435,,,,,200.0,0,0,0,0,0,range,1,0,0,0,0
2,748,2026-02-17 00:45:00,2026.02.17 01:50:00,EURUSD,M5,buy,1.18429,1.18433,0.04,midline,12,24.98,0.000568,2.151,6,0,2,0.02,1,10.91,-1.15,0.000163,25.5,-2.24,0.115,0.12,0.115,0.12,0.115,0.12,0.115,0.12,200.0,0,0,0,0,0,range,1,0,0,0,0
2,750,2026-02-20 01:50:00,2026.02.20 03:05:00,EURUSD,M5,buy,1.17569,1.17572,0.03,midline,14,21.94,0.001369,1.911,6,1,5,3.06,6,55.56,-3.05,0.000227,10.7,-4.9,0.185,0.13,0.075,0.13,0.09,0.13,0.09,0.13,200.0,0,0,0,0,0,range,1,0,0,0,0
2,752,2026-02-23 11:35:00,2026.02.23 12:55:00,EURUSD,M5,buy,1.17812,1.17806,-0.06,midline,15,17.12,0.001645,1.77,6,11,1,7.88,2,1.82,-4.17,0.00027,51.8,1.28,0.355,0.315,0.035,0.315,0.035,0.315,0.035,0.315,200.0,0,0,0,0,0,range,1,0,0,1,0
2,754,2026-02-24 04:35:00,2026.02.24 05:35:00,EURUSD,M5,buy,1.17692,1.1772,0.28,midline,11,23.52,0.00147,1.985,6,4,2,1.48,0,22.86,-2.44,0.000173,0.0,-2.37,0.08,0.15,0.08,0.065,0.08,0.065,0.08,0.085,200.0,0,0,0,0,0,range,1,0,0,0,0
2,756,2026-02-27 04:40:00,2026.02.27 05:40:00,EURUSD,M5,sell,1.1812,1.18083,0.37,midline,11,75.03,0.000978,1.567,6,4,5,0.03,4,7.69,2.18,0.000166,18.8,0.32,0.045,0.23,0.045,0.175,0.045,0.205,0.045,0.205,200.0,0,0,0,0,0,chop,0,1,0,0,0
2,758,2026-03-05 06:00:00,2026.03.05 06:50:00,EURUSD,M5,buy,1.1595,1.16097,1.47,midline,9,23.54,0.001485,1.654,6,5,4,1.46,3,12.0,-3.55,0.000296,39.9,-4.44,0.38,0.745,0.38,0.015,0.38,0.02,0.38,0.07,200.0,0,0,0,0,0,range,0,0,0,0,0
2,760,2026-03-11 22:45:00,2026.03.12 00:40:00,EURUSD,M5,buy,1.15515,1.15448,-0.67,midline,22,21.5,0.001635,3.905,7,22,3,3.5,4,5.66,-3.56,0.000235,41.2,-6.27,0.89,0.11,0.19,0.11,0.195,0.11,0.315,0.11,200.0,1,1,0,0,0,trend,1,1,1,1,0
2,762,2026-03-13 04:40:00,2026.03.13 05:30:00,EURUSD,M5,buy,1.15008,1.15037,0.29,midline,9,24.64,0.00098,1.749,6,4,5,0.36,2,16.0,-2.25,0.000207,12.6,-6.81,0.055,0.175,0.055,0.145,0.055,0.145,0.055,0.145,200.0,0,0,0,0,0,trend,1,0,0,0,0
2,764,2026-03-16 06:05:00,2026.03.16 07:05:00,EURUSD,M5,buy,1.14326,1.1433,0.04,midline,11,21.75,0.001327,2.055,6,6,1,3.25,1,15.79,-2.63,0.000206,3.8,-7.85,0.44,0.185,0.345,0.185,0.345,0.185,0.39,0.185,200.0,0,0,0,0,0,trend,1,0,0,0,0
2,766,2026-03-16 07:40:00,2026.03.16 08:05:00,EURUSD,M5,buy,1.14154,1.14281,1.27,midline,4,21.9,0.001627,2.04,6,7,1,3.1,2,3.08,-2.85,0.000353,48.5,-8.69,0.07,0.81,0.07,0.81,,,,,200.0,0,0,0,0,0,trend,1,1,0,0,0
2,768,2026-03-16 23:20:00,2026.03.16 23:50:00,EURUSD,M5,buy,1.14966,1.1499,0.24,midline,5,23.81,0.001193,1.854,6,23,1,1.19,0,73.68,-2.11,0.000129,0.0,3.31,0.085,0.145,0.085,0.105,0.085,0.145,,,200.0,0,0,0,0,0,range,1,0,0,0,0
2,770,2026-03-29 22:45:00,2026.03.29 23:25:00,EURUSD,M5,buy,1.14891,1.14931,0.4,midline,7,24.46,0.001309,2.446,6,22,0,0.54,1,20.69,-3.61,0.000308,8.7,-5.57,0.075,0.255,0.075,0.23,0.075,0.23,0.075,0.23,200.0,0,0,0,0,0,range,1,0,0,0,0
2,772,2026-04-03 12:35:00,2026.04.03 13:15:00,EURUSD,M5,buy,1.15284,1.15367,0.83,midline,7,23.29,0.001264,6.278,6,12,5,1.71,2,48.02,-1.63,0.000291,72.1,-0.49,0.17,0.475,0.17,0.255,0.17,0.255,0.17,0.255,200.0,0,0,0,0,0,range,1,0,0,0,0
2,774,2026-04-13 06:10:00,2026.04.13 06:25:00,EURUSD,M5,sell,1.16938,1.16908,0.3,midline,2,76.0,0.000732,1.703,6,6,1,1.0,2,6.15,1.05,0.000176,26.0,-0.04,0.04,0.33,,,,,,,200.0,0,0,0,0,0,range,1,0,0,0,0
2,776,2026-04-13 18:35:00,2026.04.13 19:00:00,EURUSD,M5,sell,1.1749,1.17644,-1.54,e8c,4,83.31,0.00163,1.809,6,18,1,8.31,1,1.54,3.3,0.000291,47.5,5.65,0.805,0.155,0.805,0.155,,,,,200.0,1,1,0,0,0,range,1,0,1,1,0
2,778,2026-04-15 05:20:00,2026.04.15 05:40:00,EURUSD,M5,sell,1.17971,1.17921,0.5,midline,3,78.44,0.000815,1.671,6,5,3,3.44,4,14.81,1.68,0.00016,35.9,4.62,0.005,0.415,,,,,,,200.0,0,0,0,0,0,range,1,0,0,0,0
2,780,2026-04-16 02:45:00,2026.04.16 03:45:00,EURUSD,M5,sell,1.18167,1.18144,0.23,midline,11,79.17,0.001213,2.0,6,2,4,4.17,1,10.64,1.71,0.000245,49.8,4.54,0.345,0.245,0.345,0.23,0.345,0.23,0.345,0.23,200.0,0,0,0,0,0,range,1,0,0,0,0
2,782,2026-04-17 12:35:00,2026.04.17 12:49:31,EURUSD,M5,sell,1.18084,1.18284,-2.0,sl,1,75.01,0.001233,1.564,6,12,5,0.01,4,12.5,2.58,0.000284,36.9,2.25,0.225,0.135,,,,,,,200.0,1,1,0,0,0,range,0,0,1,1,1
2,784,2026-04-22 05:20:00,2026.04.22 06:10:00,EURUSD,M5,sell,1.17556,1.17464,0.92,midline,9,77.13,0.001235,4.44,6,5,3,2.13,1,4.73,1.4,0.000215,75.7,-2.85,0.335,0.56,0.335,0.23,0.335,0.23,0.335,0.235,200.0,0,0,0,0,0,range,1,0,0,0,0
2,786,2026-04-23 00:15:00,2026.04.23 00:20:00,EURUSD,M5,buy,1.1698,1.17101,1.21,midline,0,20.81,0.000679,4.929,6,0,4,4.19,2,0.0,-0.93,0.000141,41.5,-6.37,0.3,0.665,,,,,,,200.0,0,0,0,0,0,trend,1,1,0,0,0
2,788,2026-04-27 01:05:00,2026.04.27 02:10:00,EURUSD,M5,sell,1.17236,1.17232,0.04,midline,12,81.05,0.001499,4.096,6,1,1,6.05,2,25.96,2.59,0.000205,48.4,0.99,0.15,0.375,0.15,0.375,0.15,0.375,0.15,0.375,200.0,0,0,0,0,0,range,1,0,0,0,0
2,790,2026-04-28 06:50:00,2026.04.28 07:25:00,EURUSD,M5,buy,1.16942,1.16998,0.56,midline,6,20.52,0.001604,1.876,6,6,2,4.48,1,25.0,-2.79,0.000251,30.7,-2.12,0.43,0.285,0.43,0.0,0.43,0.205,0.43,0.285,200.0,0,0,0,0,0,range,1,0,0,0,0
2,792,2026-04-29 00:05:00,2026.04.29 00:20:00,EURUSD,M5,sell,1.17202,1.17166,0.36,midline,2,75.85,0.000396,2.116,5,0,3,0.85,2,14.29,0.79,7.8e-05,19.7,0.65,0.0,0.21,,,,,,,200.0,0,0,0,0,0,range,1,0,0,0,0
2,794,2026-05-01 06:25:00,2026.05.01 06:50:00,EURUSD,M5,buy,1.17213,1.17342,1.29,midline,4,22.64,0.000633,1.624,6,6,5,2.36,0,60.0,-1.4,0.000137,0.0,3.1,0.14,0.87,0.14,0.87,,,,,200.0,0,0,0,0,0,range,1,0,0,0,0
2,796,2026-05-04 03:55:00,2026.05.04 04:30:00,EURUSD,M5,sell,1.17371,1.17301,0.7,midline,6,76.84,0.000967,3.267,6,3,1,1.84,2,17.05,1.24,0.000209,48.0,0.69,0.065,0.41,0.065,0.265,0.065,0.375,0.065,0.41,200.0,0,0,0,0,0,range,1,0,0,0,0
2,798,2026-05-05 05:00:00,2026.05.05 05:35:00,EURUSD,M5,buy,1.1678,1.16826,0.46,midline,6,21.15,0.0007,2.002,6,4,2,3.85,3,15.38,-1.38,0.000132,30.4,-4.36,0.09,0.235,0.09,0.17,0.09,0.17,0.09,0.235,200.0,0,0,0,0,0,range,1,0,0,0,0
2,800,2026-05-05 22:55:00,2026.05.05 23:14:29,EURUSD,M5,sell,1.17025,1.17226,-2.01,sl,2,76.98,0.000763,5.271,6,22,2,1.98,1,0.0,0.71,0.000138,44.4,-0.87,0.65,0.0,,,,,,,200.0,1,1,0,0,0,range,1,0,1,1,1
2,802,2026-05-08 06:10:00,2026.05.08 07:20:00,EURUSD,M5,sell,1.17455,1.17456,-0.01,midline,13,76.78,0.001219,2.047,6,6,5,1.78,2,13.51,2.22,0.000209,28.7,-1.07,0.12,0.275,0.1,0.275,0.1,0.275,0.12,0.275,200.0,0,0,0,0,0,range,1,0,0,1,0
2,804,2026-05-11 05:00:00,2026.05.11 05:15:00,EURUSD,M5,buy,1.17508,1.17537,0.29,midline,2,20.31,0.000757,1.544,6,4,1,4.69,1,15.79,-1.78,0.000114,3.0,0.66,0.045,0.18,,,,,,,200.0,0,0,0,0,0,range,1,0,0,0,0
2,806,2026-05-12 00:05:00,2026.05.12 02:50:00,EURUSD,M5,buy,1.17752,1.17618,-1.34,midline,32,23.26,0.001178,3.644,6,0,2,1.74,1,5.56,-1.9,9.9e-05,8.5,2.63,0.885,0.085,0.11,0.085,0.11,0.085,0.125,0.085,200.0,1,1,0,0,0,range,1,0,1,1,0
2,808,2026-05-13 06:40:00,2026.05.13 08:00:00,EURUSD,M5,buy,1.1723,1.17067,-1.63,e8c,15,24.27,0.001492,1.677,6,6,3,0.73,1,8.33,-2.77,0.000194,4.6,-2.84,0.81,0.12,0.26,0.12,0.26,0.12,0.295,0.12,200.0,1,1,0,0,0,range,1,0,1,1,0
2,810,2026-05-15 00:05:00,2026.05.15 00:40:00,EURUSD,M5,buy,1.16581,1.16554,-0.27,e8c,6,24.23,0.001309,4.359,6,0,5,0.77,1,10.34,-1.59,0.000141,4.6,-7.02,0.185,0.255,0.035,0.255,0.06,0.255,0.185,0.255,200.0,0,0,0,0,0,trend,1,0,0,1,0
2,812,2026-05-15 05:10:00,2026.05.15 05:50:00,EURUSD,M5,buy,1.16447,1.16361,-0.86,e8c,7,22.96,0.0008,2.473,6,5,5,2.04,6,25.0,-1.7,0.00013,14.6,-8.27,0.52,0.15,0.105,0.15,0.105,0.15,0.105,0.15,200.0,1,0,0,0,0,trend,1,1,1,1,0
2,814,2026-05-15 05:50:00,2026.05.15 06:35:00,EURUSD,M5,buy,1.16367,1.16419,0.52,midline,8,23.17,0.001314,2.9,6,5,5,1.83,1,17.89,-1.69,0.000198,34.5,-8.53,0.225,0.33,0.225,0.33,0.225,0.33,0.225,0.33,200.0,0,0,0,0,0,trend,1,0,0,0,0
2,816,2026-05-27 12:30:00,2026.05.27 13:00:00,EURUSD,M5,sell,1.16561,1.1644,1.21,midline,5,77.61,0.001567,2.768,4,12,3,2.61,3,24.0,2.13,0.000383,72.7,1.76,0.255,0.725,0.255,0.31,0.255,0.725,,,200.0,0,0,0,0,0,range,1,0,0,0,0
