entry_time,split,profit,exit_type,label_invalid,rsi,bb_width_ratio,vol_ratio,spread_pts,entry_hour,entry_dow,side_sell,rsi_depth,mae_r_b5,mfe_r_b5,mae_r_b6,mfe_r_b6,mae_delta_b5_b6,mfe_delta_b5_b6
2023-01-11 05:35:00+00:00,train,0.11,midline,0,76.12,0.001648,1.92,1,5,3,1,1.1200000000000045,0.485,0.015,0.485,0.015,0.0,0.0
2023-02-03 00:05:00+00:00,train,-0.26,midline,0,23.57,0.000963,5.231,1,0,5,0,1.4299999999999997,0.175,0.1,0.175,0.1,0.0,0.0
2023-02-10 00:25:00+00:00,train,0.58,midline,0,23.69,0.001158,2.079,1,0,5,0,1.3099999999999987,0.155,0.1,0.155,0.29,0.0,0.18999999999999997
2023-02-14 00:05:00+00:00,train,0.14,midline,0,77.87,0.001204,2.782,1,0,2,1,2.8700000000000045,0.09,0.22,0.09,0.225,0.0,0.0050000000000000044
2023-02-17 04:40:00+00:00,train,0.27,midline,0,19.14,0.001567,2.066,1,4,5,0,5.859999999999999,0.145,0.25,0.145,0.25,0.0,0.0
2023-02-23 01:35:00+00:00,train,0.23,midline,0,77.95,0.001164,1.818,1,1,4,1,2.950000000000003,0.185,0.07,0.185,0.095,0.0,0.024999999999999994
2023-03-01 00:35:00+00:00,train,0.43,midline,0,22.73,0.0016,4.039,1,0,3,0,2.2699999999999996,0.075,0.12,0.075,0.265,0.0,0.14500000000000002
2023-03-01 06:30:00+00:00,train,-2.0,sl,1,78.08,0.001196,2.022,1,6,3,1,3.0799999999999983,0.64,0.055,0.64,0.055,0.0,0.0
2023-03-03 01:00:00+00:00,train,0.45,midline,0,77.49,0.001204,2.194,1,0,5,1,2.489999999999995,0.185,0.08,0.185,0.25,0.0,0.16999999999999998
2023-03-14 00:10:00+00:00,train,0.79,midline,0,24.65,0.001398,1.863,1,0,2,0,0.3500000000000014,0.02,0.345,0.02,0.345,0.0,0.0
2023-03-16 05:30:00+00:00,train,0.53,midline,0,76.61,0.001341,1.772,1,5,4,1,1.6099999999999994,0.145,0.31,0.145,0.41,0.0,0.09999999999999998
2023-03-28 01:55:00+00:00,train,0.53,midline,0,78.15,0.001068,2.05,1,1,2,1,3.1500000000000057,0.12,0.305,0.12,0.305,0.0,0.0
2023-04-11 01:10:00+00:00,train,0.31,midline,0,82.01,0.00093,2.744,1,1,2,1,7.010000000000005,0.14,0.06,0.14,0.06,0.0,0.0
2023-04-12 01:55:00+00:00,train,0.07,midline,0,78.82,0.000821,3.729,1,1,3,1,3.819999999999993,0.11,0.21,0.11,0.21,0.0,0.0
2023-04-14 03:10:00+00:00,train,0.53,midline,0,78.83,0.001552,2.427,1,3,5,1,3.8299999999999983,0.01,0.225,0.01,0.31,0.0,0.08499999999999999
2023-04-19 02:00:00+00:00,train,0.55,midline,0,76.05,0.000762,1.912,1,1,3,1,1.0499999999999972,0.07,0.2,0.07,0.325,0.0,0.125
2023-04-19 03:05:00+00:00,train,0.64,midline,0,24.7,0.001594,1.957,1,3,3,0,0.3000000000000007,0.045,0.37,0.045,0.39,0.0,0.020000000000000018
2023-04-20 07:15:00+00:00,train,0.82,midline,0,77.77,0.001372,1.965,1,7,4,1,2.769999999999996,0.16,0.19,0.16,0.19,0.0,0.0
2023-04-21 07:50:00+00:00,train,0.54,midline,0,23.8,0.001624,1.647,1,7,5,0,1.1999999999999993,0.47,0.115,0.47,0.125,0.0,0.009999999999999995
2023-04-25 01:40:00+00:00,train,0.23,midline,0,77.12,0.000998,2.378,1,1,2,1,2.1200000000000045,0.15,0.3,0.15,0.3,0.0,0.0
2023-04-26 06:45:00+00:00,train,-0.76,e8c,0,79.91,0.001476,1.809,1,6,3,1,4.909999999999997,0.1,0.205,0.135,0.205,0.035,0.0
2023-05-09 01:05:00+00:00,train,0.12,midline,0,18.59,0.001019,3.824,1,1,2,0,6.41,0.32,0.005,0.32,0.005,0.0,0.0
2023-05-09 12:35:00+00:00,train,-0.32,midline,0,23.84,0.001438,1.77,1,12,2,0,1.1600000000000001,0.335,0.05,0.365,0.05,0.02999999999999997,0.0
2023-05-10 06:25:00+00:00,train,0.34,midline,0,24.79,0.00092,2.002,1,6,3,0,0.21000000000000085,0.295,0.025,0.295,0.025,0.0,0.0
2023-05-17 06:55:00+00:00,train,0.35,midline,0,24.14,0.001073,1.98,1,6,3,0,0.8599999999999994,0.325,0.08,0.325,0.22,0.0,0.14
2023-05-19 07:10:00+00:00,train,-0.36,midline,1,75.76,0.001522,2.457,1,7,5,1,0.7600000000000051,0.665,0.14,0.665,0.14,0.0,0.0
2023-05-21 23:25:00+00:00,train,-0.03,midline,0,75.77,0.001301,2.178,2,23,0,1,0.769999999999996,0.09,0.045,0.09,0.045,0.0,0.0
2023-05-30 06:25:00+00:00,train,0.6,midline,0,16.44,0.001579,3.379,1,6,2,0,8.559999999999999,0.325,0.335,0.325,0.335,0.0,0.0
2023-06-05 00:35:00+00:00,train,-0.22,midline,0,22.03,0.001241,1.508,1,0,1,0,2.969999999999999,0.2,0.105,0.22,0.105,0.01999999999999999,0.0
2023-06-07 01:15:00+00:00,train,0.04,midline,0,76.26,0.000764,2.122,1,1,3,1,1.2600000000000051,0.155,0.15,0.175,0.15,0.01999999999999999,0.0
2023-06-07 06:20:00+00:00,train,-0.82,e8c,0,24.76,0.001204,1.809,1,6,3,0,0.23999999999999844,0.04,0.22,0.04,0.22,0.0,0.0
2023-06-08 01:10:00+00:00,train,0.23,midline,0,75.32,0.001443,1.545,1,1,4,1,0.3199999999999932,0.0,0.13,0.0,0.14,0.0,0.010000000000000009
2023-06-12 03:00:00+00:00,train,0.16,midline,0,24.59,0.000881,2.082,1,2,1,0,0.41000000000000014,0.075,0.085,0.075,0.085,0.0,0.0
2023-06-12 07:05:00+00:00,train,0.57,midline,0,81.32,0.001178,2.079,1,7,1,1,6.319999999999993,0.03,0.235,0.03,0.29,0.0,0.05499999999999999
2023-06-13 06:10:00+00:00,train,0.37,midline,0,83.75,0.00094,1.979,1,6,2,1,8.75,0.47,0.0,0.47,0.0,0.0,0.0
2023-06-29 01:20:00+00:00,train,0.29,midline,0,19.81,0.001161,2.973,1,1,4,0,5.190000000000001,0.155,0.065,0.2,0.065,0.04500000000000001,0.0
2023-06-29 06:00:00+00:00,train,0.71,midline,0,22.38,0.000796,2.056,1,5,4,0,2.620000000000001,0.075,0.16,0.075,0.455,0.0,0.29500000000000004
2023-07-03 07:05:00+00:00,train,-2.0,sl,1,24.4,0.001506,4.302,1,7,1,0,0.6000000000000014,0.635,0.09,0.65,0.09,0.015000000000000013,0.0
2023-07-04 20:10:00+00:00,train,-0.62,midline,1,22.41,0.001164,1.803,8,20,2,0,2.59,0.16,0.08,0.265,0.08,0.10500000000000001,0.0
2023-07-06 05:05:00+00:00,train,0.53,midline,0,21.67,0.001445,1.702,1,5,4,0,3.3299999999999983,0.105,0.07,0.105,0.105,0.0,0.03499999999999999
2023-07-11 18:05:00+00:00,train,0.16,midline,0,78.03,0.001432,1.848,6,18,2,1,3.030000000000001,0.2,0.075,0.2,0.075,0.0,0.0
2023-07-12 01:30:00+00:00,train,-0.79,midline,1,82.04,0.000704,2.238,1,1,3,1,7.040000000000006,0.085,0.155,0.16,0.155,0.075,0.0
2023-07-14 07:00:00+00:00,train,-0.72,midline,1,24.61,0.001434,3.002,6,6,5,0,0.39000000000000057,0.25,0.29,0.25,0.29,0.0,0.0
2023-07-20 01:55:00+00:00,train,-0.36,midline,0,85.45,0.001534,4.322,1,1,4,1,10.450000000000003,0.17,0.205,0.275,0.205,0.10500000000000001,0.0
2023-07-26 07:00:00+00:00,train,-0.46,midline,0,80.54,0.001422,1.88,3,6,3,1,5.540000000000006,0.43,0.27,0.45,0.27,0.020000000000000018,0.0
2023-08-03 05:45:00+00:00,train,0.52,midline,0,22.75,0.000945,2.16,1,5,4,0,2.25,0.21,0.09,0.21,0.165,0.0,0.07500000000000001
2023-08-07 06:55:00+00:00,train,-0.82,midline,1,22.91,0.001282,1.891,5,6,1,0,2.09,0.38,0.065,0.505,0.065,0.125,0.0
2023-08-08 01:35:00+00:00,train,-0.98,midline,1,21.87,0.001154,2.044,1,1,2,0,3.129999999999999,0.295,0.025,0.305,0.025,0.010000000000000009,0.0
2023-08-09 06:10:00+00:00,train,0.46,midline,0,76.57,0.001048,6.127,1,6,3,1,1.5699999999999932,0.01,0.225,0.01,0.235,0.0,0.009999999999999981
2023-08-16 07:30:00+00:00,train,0.29,midline,0,75.25,0.001177,2.938,5,7,3,1,0.25,0.0,0.455,0.0,0.52,0.0,0.065
2023-08-17 01:20:00+00:00,train,0.2,midline,0,21.78,0.001423,2.605,1,1,4,0,3.219999999999999,0.01,0.235,0.01,0.235,0.0,0.0
2023-08-18 01:50:00+00:00,train,-0.54,midline,1,77.08,0.000813,2.182,1,1,5,1,2.0799999999999983,0.475,0.01,0.475,0.01,0.0,0.0
2023-08-25 00:10:00+00:00,train,0.48,midline,0,19.85,0.001374,4.389,1,0,5,0,5.149999999999999,0.225,0.24,0.225,0.24,0.0,0.0
2023-08-29 07:25:00+00:00,train,0.13,midline,0,23.85,0.000757,1.746,1,7,2,0,1.1499999999999986,0.29,0.2,0.385,0.2,0.09500000000000003,0.0
2023-08-31 08:05:00+00:00,train,-2.0,sl,1,23.36,0.001473,3.575,5,8,4,0,1.6400000000000006,0.695,0.035,0.695,0.075,0.0,0.039999999999999994
2023-09-04 08:20:00+00:00,train,0.73,midline,0,76.86,0.001414,1.661,6,8,1,1,1.8599999999999994,0.195,0.22,0.195,0.29,0.0,0.06999999999999998
2023-09-08 01:30:00+00:00,train,-0.16,midline,1,79.22,0.00095,2.285,1,1,5,1,4.219999999999999,0.575,0.06,0.575,0.06,0.0,0.0
2023-09-11 05:50:00+00:00,train,0.35,midline,0,80.63,0.001619,1.874,1,5,1,1,5.6299999999999955,0.155,0.09,0.17,0.09,0.015000000000000013,0.0
2023-09-12 08:10:00+00:00,train,-0.91,midline,1,23.44,0.000985,1.573,4,8,2,0,1.5599999999999987,0.435,0.0,0.465,0.0,0.030000000000000027,0.0
2023-09-14 01:50:00+00:00,train,0.27,midline,0,75.08,0.000683,2.307,1,1,4,1,0.0799999999999983,0.135,0.115,0.135,0.115,0.0,0.0
2023-09-15 07:25:00+00:00,train,0.54,midline,0,77.77,0.001309,2.091,5,7,5,1,2.769999999999996,0.2,0.15,0.2,0.15,0.0,0.0
2023-09-20 07:20:00+00:00,train,0.57,midline,0,75.34,0.001084,1.93,3,7,3,1,0.3400000000000034,0.135,0.13,0.135,0.3,0.0,0.16999999999999998
2023-09-21 01:30:00+00:00,train,-0.39,midline,1,18.34,0.00128,1.988,1,1,4,0,6.66,0.565,0.0,0.67,0.0,0.1050000000000001,0.0
2023-09-21 03:35:00+00:00,train,0.99,midline,0,18.75,0.001591,2.595,1,3,4,0,6.25,0.125,0.395,0.125,0.475,0.0,0.07999999999999996
2023-09-26 01:35:00+00:00,train,0.51,midline,0,18.6,0.001407,1.715,1,1,2,0,6.399999999999999,0.04,0.27,0.04,0.27,0.0,0.0
2023-09-27 01:45:00+00:00,train,0.51,midline,0,22.53,0.001098,1.833,1,1,3,0,2.469999999999999,0.205,0.075,0.205,0.195,0.0,0.12000000000000001
2023-09-27 12:20:00+00:00,train,-0.29,midline,0,22.69,0.001613,1.606,4,12,3,0,2.3099999999999987,0.48,0.0,0.48,0.005,0.0,0.005
2023-10-05 07:15:00+00:00,train,-0.1,midline,1,24.94,0.001427,1.885,1,7,4,0,0.05999999999999872,0.21,0.155,0.245,0.155,0.035,0.0
2023-10-10 00:45:00+00:00,train,0.27,midline,0,76.43,0.001165,2.362,1,0,2,1,1.4300000000000068,0.275,0.175,0.275,0.365,0.0,0.19
2023-10-18 01:25:00+00:00,train,-0.09,midline,0,23.3,0.001001,2.883,5,1,3,0,1.6999999999999993,0.28,0.015,0.28,0.015,0.0,0.0
2023-10-18 07:15:00+00:00,train,0.65,midline,0,77.65,0.001458,2.088,2,7,3,1,2.6500000000000057,0.095,0.375,0.095,0.435,0.0,0.06
2023-10-23 03:55:00+00:00,train,0.32,midline,0,24.95,0.001032,1.919,4,3,1,0,0.05000000000000071,0.075,0.13,0.075,0.13,0.0,0.0
2023-10-26 03:20:00+00:00,train,-0.54,midline,0,24.5,0.001278,1.804,4,3,4,0,0.5,0.33,0.0,0.33,0.0,0.0,0.0
2023-10-31 06:45:00+00:00,train,-1.95,e8c,1,75.99,0.0015,1.884,2,6,2,1,0.9899999999999949,0.2,0.21,0.2,0.21,0.0,0.0
2023-11-01 23:15:00+00:00,train,-1.08,e8c,1,76.25,0.001357,1.575,6,23,3,1,1.25,0.025,0.1,0.085,0.1,0.060000000000000005,0.0
2023-11-02 00:25:00+00:00,train,-0.52,midline,0,83.75,0.001638,1.55,3,0,4,1,8.75,0.395,0.115,0.43,0.115,0.034999999999999976,0.0
2023-11-02 12:15:00+00:00,train,-0.28,midline,1,81.52,0.001609,2.038,3,12,4,1,6.519999999999996,0.435,0.21,0.685,0.21,0.25000000000000006,0.0
2023-11-07 07:00:00+00:00,train,0.01,midline,0,23.98,0.000937,1.523,3,6,2,0,1.0199999999999996,0.275,0.03,0.445,0.03,0.16999999999999998,0.0
2023-11-09 06:00:00+00:00,train,0.5,midline,0,24.12,0.000791,2.233,2,5,4,0,0.879999999999999,0.065,0.16,0.065,0.245,0.0,0.08499999999999999
2023-11-10 07:10:00+00:00,train,0.88,midline,0,23.87,0.000871,2.846,2,7,5,0,1.129999999999999,0.165,0.3,0.165,0.465,0.0,0.16500000000000004
2023-11-13 07:15:00+00:00,train,0.31,midline,0,76.71,0.001139,1.93,2,7,1,1,1.7099999999999937,0.105,0.155,0.105,0.155,0.0,0.0
2023-11-20 02:30:00+00:00,train,-1.43,e8c,1,75.45,0.001495,1.816,3,2,1,1,0.45000000000000284,0.15,0.15,0.15,0.15,0.0,0.0
2023-11-20 04:20:00+00:00,train,0.88,midline,0,78.61,0.001262,2.396,4,4,1,1,3.6099999999999994,0.02,0.45,0.02,0.47,0.0,0.019999999999999962
2023-11-23 06:00:00+00:00,train,0.25,midline,0,76.94,0.000798,2.205,3,5,4,1,1.9399999999999977,0.365,0.06,0.365,0.1,0.0,0.04000000000000001
2023-11-28 23:30:00+00:00,train,0.48,midline,0,78.37,0.00121,1.884,5,23,2,1,3.3700000000000045,0.07,0.16,0.07,0.2,0.0,0.04000000000000001
2023-11-29 01:05:00+00:00,train,0.84,midline,0,80.07,0.001302,3.604,3,1,3,1,5.069999999999993,0.055,0.36,0.055,0.36,0.0,0.0
2023-12-05 00:40:00+00:00,train,0.51,midline,0,78.33,0.00093,1.867,8,0,2,1,3.3299999999999983,0.04,0.145,0.04,0.325,0.0,0.18000000000000002
2023-12-07 07:35:00+00:00,train,-0.2,midline,0,75.49,0.001449,1.544,1,7,4,1,0.4899999999999949,0.44,0.085,0.44,0.085,0.0,0.0
2023-12-12 07:00:00+00:00,train,0.22,midline,0,81.66,0.001014,1.641,8,6,2,1,6.659999999999997,0.195,0.1,0.195,0.1,0.0,0.0
2023-12-14 00:35:00+00:00,train,0.51,midline,0,75.31,0.001405,2.213,7,0,4,1,0.3100000000000023,0.11,0.26,0.11,0.3,0.0,0.03999999999999998
2023-12-19 07:20:00+00:00,train,1.05,midline,0,75.09,0.001312,2.059,1,7,2,1,0.09000000000000341,0.115,0.365,0.115,0.39,0.0,0.025000000000000022
2023-12-20 06:30:00+00:00,train,0.11,midline,0,13.08,0.001148,1.625,1,6,3,0,11.92,0.12,0.135,0.34,0.135,0.22000000000000003,0.0
2023-12-26 09:05:00+00:00,train,0.34,midline,0,23.87,0.001327,1.92,1,9,2,0,1.129999999999999,0.145,0.06,0.145,0.06,0.0,0.0
2023-12-27 01:20:00+00:00,train,0.28,midline,0,23.45,0.00097,1.833,1,1,3,0,1.5500000000000007,0.08,0.095,0.08,0.095,0.0,0.0
2023-12-29 00:55:00+00:00,train,-0.11,midline,0,76.63,0.001111,3.293,3,0,5,1,1.6299999999999955,0.27,0.125,0.29,0.125,0.019999999999999962,0.0
2024-01-04 03:35:00+00:00,val,0.33,midline,0,77.39,0.001151,2.237,3,3,4,1,2.3900000000000006,0.105,0.175,0.105,0.175,0.0,0.0
2024-01-05 03:30:00+00:00,val,-0.09,midline,0,23.86,0.001422,1.573,3,3,5,0,1.1400000000000006,0.11,0.05,0.115,0.05,0.0050000000000000044,0.0
2024-01-05 06:35:00+00:00,val,0.27,midline,0,23.23,0.001051,2.11,1,6,5,0,1.7699999999999996,0.15,0.045,0.15,0.095,0.0,0.05
2024-01-12 07:15:00+00:00,val,0.76,midline,0,24.19,0.001147,2.607,1,7,5,0,0.8099999999999987,0.285,0.16,0.285,0.16,0.0,0.0
2024-01-18 01:00:00+00:00,val,-0.2,midline,0,79.9,0.000965,2.747,3,0,4,1,4.900000000000006,0.335,0.105,0.335,0.105,0.0,0.0
2024-01-19 06:05:00+00:00,val,0.01,midline,0,24.73,0.000908,1.783,3,6,5,0,0.2699999999999996,0.24,0.075,0.24,0.075,0.0,0.0
2024-01-23 05:40:00+00:00,val,-1.12,e8c,1,76.4,0.000977,1.652,3,5,2,1,1.4000000000000057,0.255,0.08,0.255,0.08,0.0,0.0
2024-01-25 00:15:00+00:00,val,-0.02,midline,0,21.81,0.001097,1.892,3,0,4,0,3.1900000000000013,0.155,0.055,0.155,0.055,0.0,0.0
2024-01-29 20:05:00+00:00,val,-0.01,midline,1,80.53,0.001537,3.885,1,20,1,1,5.530000000000001,0.64,0.08,0.64,0.08,0.0,0.0
2024-01-30 07:00:00+00:00,val,0.17,midline,0,23.71,0.001226,1.688,1,6,2,0,1.2899999999999991,0.17,0.19,0.17,0.19,0.0,0.0
2024-02-01 07:10:00+00:00,val,0.0,midline,0,23.24,0.001134,1.508,1,7,4,0,1.7600000000000016,0.48,0.01,0.48,0.01,0.0,0.0
2024-02-07 01:10:00+00:00,val,-0.21,midline,0,75.72,0.000591,2.684,3,1,3,1,0.7199999999999989,0.055,0.075,0.055,0.075,0.0,0.0
2024-02-15 12:35:00+00:00,val,-2.1,sl,1,75.61,0.000938,1.621,1,12,4,1,0.6099999999999994,0.185,0.14,0.185,0.14,0.0,0.0
2024-02-16 00:30:00+00:00,val,-0.05,midline,0,24.42,0.001154,1.513,4,0,5,0,0.5799999999999983,0.225,0.04,0.225,0.04,0.0,0.0
2024-02-19 07:15:00+00:00,val,0.4,midline,0,75.33,0.00085,1.576,2,7,1,1,0.3299999999999983,0.065,0.12,0.065,0.26,0.0,0.14
2024-02-19 18:20:00+00:00,val,0.34,midline,0,88.16,0.001326,2.0,2,18,1,1,13.159999999999997,0.01,0.18,0.01,0.24,0.0,0.06
2024-02-22 00:35:00+00:00,val,-0.04,midline,0,75.48,0.000965,1.575,4,0,4,1,0.480000000000004,0.185,0.03,0.185,0.065,0.0,0.035
2024-02-22 05:15:00+00:00,val,-0.51,e8c,0,76.32,0.000933,1.997,4,5,4,1,1.3199999999999932,0.14,0.03,0.26,0.03,0.12,0.0
2024-02-22 05:50:00+00:00,val,-0.68,e8c,0,79.41,0.0011,2.123,4,5,4,1,4.409999999999997,0.005,0.24,0.005,0.24,0.0,0.0
2024-02-22 07:10:00+00:00,val,-2.33,sl,1,76.42,0.000993,2.363,2,7,4,1,1.4200000000000017,0.365,0.07,0.505,0.07,0.14,0.0
2024-02-26 07:10:00+00:00,val,0.08,midline,0,75.78,0.000775,2.459,2,7,1,1,0.7800000000000011,0.365,0.025,0.365,0.025,0.0,0.0
2024-02-28 05:35:00+00:00,val,-0.47,midline,1,20.02,0.000554,2.283,4,5,3,0,4.98,0.15,0.04,0.15,0.07,0.0,0.030000000000000006
2024-03-01 02:00:00+00:00,val,0.18,midline,0,88.57,0.0014,1.624,4,1,5,1,13.569999999999993,0.03,0.245,0.03,0.245,0.0,0.0
2024-03-06 01:30:00+00:00,val,-0.01,midline,0,24.86,0.000887,2.225,4,1,3,0,0.14000000000000057,0.225,0.01,0.225,0.035,0.0,0.025
2024-03-06 07:15:00+00:00,val,0.05,midline,0,76.49,0.000855,2.262,2,7,3,1,1.4899999999999949,0.185,0.12,0.185,0.12,0.0,0.0
2024-03-07 07:45:00+00:00,val,0.0,midline,0,24.85,0.001004,1.538,1,7,4,0,0.14999999999999858,0.29,0.14,0.29,0.14,0.0,0.0
2024-03-08 07:35:00+00:00,val,0.05,midline,0,23.74,0.001198,1.863,1,7,5,0,1.2600000000000016,0.29,0.045,0.29,0.045,0.0,0.0
2024-03-13 17:10:00+00:00,val,0.25,midline,0,75.28,0.001562,1.845,1,17,3,1,0.28000000000000114,0.31,0.05,0.31,0.05,0.0,0.0
2024-03-19 08:05:00+00:00,val,-0.48,midline,0,20.53,0.001603,1.953,1,8,2,0,4.469999999999999,0.305,0.08,0.48,0.08,0.175,0.0
2024-03-22 01:40:00+00:00,val,-2.0,sl,1,24.25,0.000994,2.615,1,1,5,0,0.75,0.255,0.1,0.31,0.1,0.05499999999999999,0.0
2024-03-27 22:05:00+00:00,val,-0.52,midline,0,24.74,0.000879,2.761,12,22,3,0,0.26000000000000156,0.345,0.0,0.345,0.0,0.0,0.0
2024-03-28 07:15:00+00:00,val,-2.01,sl,1,22.68,0.001379,2.003,1,7,4,0,2.3200000000000003,0.535,0.04,0.535,0.04,0.0,0.0
2024-04-04 19:10:00+00:00,val,-0.81,e8c,0,24.69,0.000631,1.703,1,19,4,0,0.3099999999999987,0.29,0.13,0.41,0.13,0.12,0.0
2024-04-04 19:45:00+00:00,val,-1.0,midline,1,17.14,0.001543,1.545,1,19,4,0,7.859999999999999,0.09,0.325,0.155,0.325,0.065,0.0
2024-04-11 07:10:00+00:00,val,0.48,midline,0,21.81,0.000798,2.219,1,7,4,0,3.1900000000000013,0.12,0.105,0.12,0.115,0.0,0.010000000000000009
2024-04-12 07:05:00+00:00,val,-1.61,e8c,1,22.83,0.000588,3.779,1,7,5,0,2.1700000000000017,0.25,0.15,0.785,0.15,0.535,0.0
2024-04-16 02:10:00+00:00,val,0.24,midline,0,23.43,0.001415,1.711,1,2,2,0,1.5700000000000003,0.335,0.125,0.335,0.125,0.0,0.0
2024-04-19 01:20:00+00:00,val,0.53,midline,0,23.79,0.000594,2.225,1,1,5,0,1.2100000000000009,0.035,0.155,0.035,0.345,0.0,0.18999999999999997
2024-04-19 02:30:00+00:00,val,-0.81,midline,1,22.51,0.001578,1.63,1,2,5,0,2.4899999999999984,0.69,0.035,0.69,0.035,0.0,0.0
2024-04-23 07:10:00+00:00,val,0.43,midline,0,24.28,0.001073,1.664,1,7,2,0,0.7199999999999989,0.295,0.08,0.295,0.08,0.0,0.0
2024-04-24 08:15:00+00:00,val,0.3,midline,0,20.5,0.001476,1.879,1,8,3,0,4.5,0.125,0.235,0.14,0.235,0.015000000000000013,0.0
2024-04-25 01:05:00+00:00,val,0.08,midline,0,77.23,0.000538,2.214,2,1,4,1,2.230000000000004,0.11,0.16,0.11,0.16,0.0,0.0
2024-04-25 07:15:00+00:00,val,0.1,midline,0,81.37,0.000766,1.672,1,7,4,1,6.3700000000000045,0.57,0.06,0.57,0.06,0.0,0.0
2024-04-29 01:05:00+00:00,val,0.08,midline,0,78.81,0.000834,1.571,1,1,1,1,3.8100000000000023,0.05,0.15,0.05,0.15,0.0,0.0
2024-04-29 05:15:00+00:00,val,-0.21,midline,0,77.58,0.000759,3.225,1,5,1,1,2.5799999999999983,0.26,0.05,0.34,0.05,0.08000000000000002,0.0
2024-05-07 07:05:00+00:00,val,0.61,midline,0,23.99,0.001183,2.411,1,7,2,0,1.0100000000000016,0.135,0.175,0.135,0.175,0.0,0.0
2024-05-09 01:15:00+00:00,val,0.22,midline,0,23.26,0.000536,2.407,1,1,4,0,1.7399999999999984,0.045,0.135,0.045,0.135,0.0,0.0
2024-05-09 08:00:00+00:00,val,-0.58,e8c,0,17.1,0.000824,1.687,1,7,4,0,7.899999999999999,0.085,0.185,0.085,0.185,0.0,0.0
2024-05-24 07:15:00+00:00,val,0.06,midline,0,79.53,0.000501,1.636,7,7,5,1,4.530000000000001,0.19,0.2,0.19,0.2,0.0,0.0
2024-05-28 01:20:00+00:00,val,-0.42,e8c,0,78.06,0.000506,1.956,7,1,2,1,3.0600000000000023,0.08,0.155,0.195,0.155,0.115,0.0
2024-05-28 01:55:00+00:00,val,-0.68,midline,0,77.16,0.000716,2.404,7,1,2,1,2.1599999999999966,0.105,0.18,0.105,0.18,0.0,0.0
2024-05-28 12:10:00+00:00,val,0.39,midline,0,80.45,0.001087,1.606,1,12,2,1,5.450000000000003,0.115,0.18,0.115,0.18,0.0,0.0
2024-05-29 01:05:00+00:00,val,0.15,midline,0,24.1,0.000645,2.51,7,1,3,0,0.8999999999999986,0.14,0.0,0.14,0.0,0.0,0.0
2024-06-03 23:05:00+00:00,val,-0.02,midline,0,76.98,0.000579,2.031,13,23,1,1,1.980000000000004,0.105,0.015,0.105,0.015,0.0,0.0
2024-06-04 01:05:00+00:00,val,0.33,midline,0,76.21,0.000536,2.979,1,1,2,1,1.2099999999999937,0.04,0.135,0.085,0.135,0.045000000000000005,0.0
2024-06-04 07:15:00+00:00,val,-0.86,e8c,0,24.38,0.001009,2.013,1,7,2,0,0.620000000000001,0.235,0.08,0.245,0.08,0.010000000000000009,0.0
2024-06-06 02:15:00+00:00,val,-0.29,midline,0,92.54,0.001445,2.188,1,2,4,1,17.540000000000006,0.305,0.05,0.305,0.05,0.0,0.0
2024-06-12 07:00:00+00:00,val,0.3,midline,0,78.0,0.001015,1.548,1,6,3,1,3.0,0.015,0.255,0.035,0.255,0.020000000000000004,0.0
2024-06-14 07:05:00+00:00,val,-1.11,e8c,1,22.13,0.000926,2.116,8,7,5,0,2.870000000000001,0.21,0.21,0.63,0.21,0.42000000000000004,0.0
2024-06-17 07:05:00+00:00,val,0.81,midline,0,17.46,0.001156,3.367,7,7,1,0,7.539999999999999,0.26,0.24,0.26,0.25,0.0,0.010000000000000009
2024-06-20 07:10:00+00:00,val,-0.23,midline,0,21.08,0.000843,2.019,11,7,4,0,3.9200000000000017,0.185,0.09,0.24,0.09,0.05499999999999999,0.0
2024-06-25 06:20:00+00:00,val,0.59,midline,0,77.35,0.000673,1.514,1,6,2,1,2.3499999999999943,0.03,0.135,0.03,0.135,0.0,0.0
2024-06-28 02:00:00+00:00,val,-0.43,midline,1,22.96,0.001133,2.53,2,1,5,0,2.039999999999999,0.485,0.055,0.52,0.055,0.03500000000000003,0.0
2024-07-02 08:20:00+00:00,val,0.28,midline,0,22.56,0.001582,1.514,1,8,2,0,2.4400000000000013,0.32,0.09,0.32,0.09,0.0,0.0
2024-07-03 06:10:00+00:00,val,0.1,midline,0,20.42,0.000595,1.583,1,6,3,0,4.579999999999998,0.09,0.07,0.09,0.07,0.0,0.0
2024-07-03 08:05:00+00:00,val,-0.57,midline,1,77.8,0.001365,2.132,1,8,3,1,2.799999999999997,0.34,0.095,0.34,0.095,0.0,0.0
2024-07-04 22:00:00+00:00,val,-0.22,midline,0,24.86,0.000266,6.508,50,21,4,0,0.14000000000000057,0.255,0.0,0.255,0.0,0.0,0.0
2024-07-05 01:45:00+00:00,val,0.2,midline,0,78.87,0.000799,1.586,1,1,5,1,3.8700000000000045,0.025,0.185,0.025,0.185,0.0,0.0
2024-07-09 00:10:00+00:00,val,-0.18,midline,0,75.16,0.000396,1.697,2,0,2,1,0.1599999999999966,0.11,0.025,0.135,0.025,0.02500000000000001,0.0
2024-08-01 07:30:00+00:00,val,-2.01,sl,1,23.84,0.000989,1.576,1,7,4,0,1.1600000000000001,0.33,0.01,0.33,0.115,0.0,0.10500000000000001
2024-08-07 02:45:00+00:00,val,0.01,midline,0,23.86,0.001176,1.795,1,2,3,0,1.1400000000000006,0.26,0.15,0.26,0.15,0.0,0.0
2024-08-08 00:15:00+00:00,val,0.24,midline,0,75.09,0.000807,1.921,1,0,4,1,0.09000000000000341,0.205,0.06,0.205,0.06,0.0,0.0
2024-08-15 02:20:00+00:00,val,0.07,midline,0,23.59,0.000779,1.51,4,2,4,0,1.4100000000000001,0.155,0.055,0.155,0.055,0.0,0.0
2024-08-19 04:15:00+00:00,val,-0.16,midline,0,76.12,0.000666,1.847,4,4,1,1,1.1200000000000045,0.14,0.07,0.14,0.07,0.0,0.0
2024-08-19 06:55:00+00:00,val,0.66,midline,0,75.96,0.001097,1.53,4,6,1,1,0.9599999999999937,0.095,0.17,0.095,0.37,0.0,0.19999999999999998
2024-08-28 00:55:00+00:00,val,0.07,midline,0,22.49,0.000727,2.651,4,0,3,0,2.5100000000000016,0.15,0.015,0.15,0.04,0.0,0.025
2024-08-29 01:20:00+00:00,val,0.08,midline,0,77.18,0.000632,1.742,4,1,4,1,2.180000000000007,0.11,0.08,0.11,0.08,0.0,0.0
2024-09-09 08:05:00+00:00,val,0.52,midline,0,20.23,0.001329,2.103,4,8,1,0,4.77,0.15,0.205,0.15,0.205,0.0,0.0
2024-09-10 01:10:00+00:00,val,0.02,midline,0,23.11,0.00056,2.919,4,1,2,0,1.8900000000000006,0.205,0.035,0.205,0.035,0.0,0.0
2024-09-10 08:00:00+00:00,val,0.75,midline,0,75.69,0.001153,2.2,3,7,2,1,0.6899999999999977,0.0,0.405,0.0,0.505,0.0,0.09999999999999998
2024-09-11 02:35:00+00:00,val,-0.03,midline,0,80.35,0.001411,2.523,4,2,3,1,5.349999999999994,0.305,0.145,0.46,0.145,0.15500000000000003,0.0
2024-09-12 07:00:00+00:00,val,0.14,midline,0,77.5,0.000576,2.141,4,6,4,1,2.5,0.11,0.21,0.11,0.21,0.0,0.0
2024-09-13 01:20:00+00:00,val,-0.12,midline,0,77.02,0.001086,1.563,4,1,5,1,2.019999999999996,0.13,0.155,0.13,0.155,0.0,0.0
2024-09-15 23:30:00+00:00,val,-0.47,midline,0,75.16,0.001169,2.373,4,23,0,1,0.1599999999999966,0.055,0.035,0.055,0.065,0.0,0.03
2024-09-16 04:40:00+00:00,val,0.02,midline,0,76.88,0.001318,1.591,4,4,1,1,1.8799999999999955,0.335,0.0,0.335,0.0,0.0,0.0
2024-09-16 07:50:00+00:00,val,-1.06,midline,1,80.81,0.001545,1.558,4,7,1,1,5.810000000000002,0.2,0.105,0.2,0.12,0.0,0.015
2024-09-18 00:35:00+00:00,val,-0.03,midline,0,79.42,0.000907,1.731,4,0,3,1,4.420000000000002,0.06,0.065,0.06,0.075,0.0,0.009999999999999995
2024-09-18 01:55:00+00:00,val,0.17,midline,0,79.04,0.00057,2.532,4,1,3,1,4.040000000000006,0.11,0.12,0.11,0.12,0.0,0.0
2024-09-18 06:05:00+00:00,val,0.08,midline,0,22.41,0.000852,1.61,4,6,3,0,2.59,0.06,0.085,0.065,0.085,0.0050000000000000044,0.0
2024-09-19 07:55:00+00:00,val,-2.02,sl,1,76.33,0.001305,1.529,3,7,4,1,1.3299999999999983,0.625,0.15,0.625,0.15,0.0,0.0
2024-09-24 23:40:00+00:00,val,-0.23,midline,0,76.26,0.000453,2.427,4,23,2,1,1.2600000000000051,0.275,0.02,0.275,0.02,0.0,0.0
2024-09-26 07:00:00+00:00,val,-0.53,e8c,0,77.16,0.001061,1.518,4,6,4,1,2.1599999999999966,0.16,0.13,0.17,0.13,0.010000000000000009,0.0
2024-10-03 01:30:00+00:00,val,-0.06,midline,0,23.58,0.000751,1.638,4,1,4,0,1.4200000000000017,0.075,0.175,0.075,0.175,0.0,0.0
2024-10-03 06:20:00+00:00,val,0.24,midline,0,23.76,0.000897,2.029,4,6,4,0,1.2399999999999984,0.055,0.115,0.055,0.115,0.0,0.0
2024-10-16 07:05:00+00:00,val,0.16,midline,0,21.76,0.000725,4.864,4,7,3,0,3.2399999999999984,0.205,0.11,0.23,0.11,0.025000000000000022,0.0
2024-10-21 06:00:00+00:00,val,0.21,midline,0,23.57,0.000948,1.752,4,5,1,0,1.4299999999999997,0.02,0.22,0.02,0.22,0.0,0.0
2024-10-23 12:45:00+00:00,val,0.1,midline,0,19.51,0.000989,1.574,3,12,3,0,5.489999999999998,0.38,0.035,0.38,0.035,0.0,0.0
2024-10-28 08:10:00+00:00,val,-0.96,midline,1,76.2,0.001399,1.712,4,8,1,1,1.2000000000000028,0.54,0.02,0.54,0.02,0.0,0.0
2024-10-31 02:00:00+00:00,val,0.56,midline,0,19.78,0.001161,1.529,4,1,4,0,5.219999999999999,0.04,0.23,0.04,0.235,0.0,0.004999999999999977
2024-11-01 08:10:00+00:00,val,0.45,midline,0,24.1,0.001234,1.561,4,8,5,0,0.8999999999999986,0.3,0.0,0.3,0.0,0.0,0.0
2024-11-05 07:10:00+00:00,val,-0.11,midline,0,76.16,0.000724,1.874,4,7,2,1,1.1599999999999966,0.215,0.075,0.215,0.075,0.0,0.0
2024-11-07 07:10:00+00:00,val,0.15,midline,0,76.4,0.001399,1.871,4,7,4,1,1.4000000000000057,0.65,0.045,0.65,0.045,0.0,0.0
2024-11-15 06:50:00+00:00,val,-0.11,midline,0,77.09,0.001603,2.067,4,6,5,1,2.0900000000000034,0.25,0.255,0.25,0.255,0.0,0.0
2024-11-28 00:15:00+00:00,val,-0.71,e8c,0,24.45,0.001274,1.573,4,0,4,0,0.5500000000000007,0.035,0.23,0.075,0.23,0.039999999999999994,0.0
2024-12-12 00:05:00+00:00,val,0.28,midline,0,77.87,0.001383,2.665,4,0,4,1,2.8700000000000045,0.055,0.23,0.055,0.25,0.0,0.01999999999999999
2024-12-12 07:05:00+00:00,val,0.21,midline,0,79.9,0.001227,1.721,4,7,4,1,4.900000000000006,0.63,0.01,0.63,0.01,0.0,0.0
2024-12-16 00:55:00+00:00,val,0.03,midline,0,76.13,0.001351,1.902,4,0,1,1,1.1299999999999955,0.135,0.275,0.135,0.275,0.0,0.0
2024-12-17 00:55:00+00:00,val,1.27,midline,0,86.36,0.001649,2.431,4,0,2,1,11.36,0.0,0.645,0.0,0.695,0.0,0.04999999999999993
2024-12-18 00:20:00+00:00,val,0.2,midline,0,75.44,0.000703,1.782,4,0,3,1,0.4399999999999977,0.18,0.055,0.18,0.055,0.0,0.0
2024-12-18 07:55:00+00:00,val,0.15,midline,0,24.71,0.001524,1.743,4,7,3,0,0.28999999999999915,0.37,0.19,0.37,0.19,0.0,0.0
2024-12-23 07:45:00+00:00,val,-0.53,midline,1,20.8,0.001413,1.708,4,7,1,0,4.199999999999999,0.6,0.01,0.6,0.01,0.0,0.0
2025-01-10 06:00:00+00:00,test,0.15,midline,0,23.69,0.001096,2.045,4,5,5,0,1.3099999999999987,0.205,0.1,0.205,0.1,0.0,0.0
2025-01-16 07:15:00+00:00,test,0.51,midline,0,76.36,0.001611,1.788,4,7,4,1,1.3599999999999994,0.155,0.22,0.155,0.22,0.0,0.0
2025-02-19 06:15:00+00:00,test,0.45,midline,0,77.27,0.001048,1.879,4,6,3,1,2.269999999999996,0.08,0.095,0.08,0.165,0.0,0.07
2025-04-03 23:20:00+00:00,test,0.19,midline,0,77.31,0.001162,1.692,9,23,4,1,2.3100000000000023,0.615,0.125,0.615,0.125,0.0,0.0
2025-05-06 01:15:00+00:00,test,-0.95,midline,1,22.97,0.001365,1.589,10,1,2,0,2.030000000000001,0.94,0.0,0.94,0.0,0.0,0.0
2025-05-16 06:10:00+00:00,test,0.09,midline,0,75.3,0.001399,1.635,8,6,5,1,0.29999999999999716,0.0,0.475,0.02,0.475,0.02,0.0
2025-05-20 01:25:00+00:00,test,0.38,midline,0,21.99,0.001239,2.18,12,1,2,0,3.0100000000000016,0.32,0.075,0.32,0.175,0.0,0.09999999999999999
2025-06-04 00:50:00+00:00,test,0.42,midline,0,78.74,0.001187,1.665,12,0,3,1,3.739999999999995,0.215,0.24,0.215,0.24,0.0,0.0
2025-06-08 23:15:00+00:00,test,-0.28,midline,0,75.98,0.001042,5.655,11,23,0,1,0.980000000000004,0.095,0.055,0.095,0.055,0.0,0.0
2025-06-11 23:10:00+00:00,test,-1.24,e8c,1,75.18,0.00094,2.608,12,23,3,1,0.18000000000000682,0.14,0.15,0.145,0.15,0.004999999999999977,0.0
2025-06-23 23:10:00+00:00,test,0.09,midline,0,78.16,0.001343,3.2,8,23,1,1,3.1599999999999966,0.46,0.105,0.46,0.22,0.0,0.115
2025-07-04 00:35:00+00:00,test,0.19,midline,0,75.1,0.000965,1.907,8,0,5,1,0.09999999999999432,0.215,0.06,0.215,0.06,0.0,0.0
2025-07-07 07:35:00+00:00,test,-2.0,sl,1,24.65,0.001369,1.826,10,7,1,0,0.3500000000000014,0.165,0.255,0.255,0.255,0.09,0.0
2025-07-10 01:00:00+00:00,test,-0.23,midline,1,79.0,0.001136,2.989,8,0,4,1,4.0,0.46,0.115,0.465,0.115,0.0050000000000000044,0.0
2025-07-30 01:20:00+00:00,test,-0.4,midline,1,77.56,0.00097,1.654,10,1,3,1,2.5600000000000023,0.34,0.065,0.34,0.065,0.0,0.0
2025-08-08 06:30:00+00:00,test,0.33,midline,0,22.31,0.001632,1.939,8,6,5,0,2.6900000000000013,0.295,0.03,0.295,0.03,0.0,0.0
2025-08-11 08:05:00+00:00,test,-0.62,midline,1,24.22,0.000973,2.13,11,8,1,0,0.7800000000000011,0.44,0.075,0.55,0.075,0.11000000000000004,0.0
2025-08-11 12:40:00+00:00,test,-0.97,midline,1,22.88,0.001431,1.72,10,12,1,0,2.120000000000001,0.485,0.06,0.755,0.06,0.27,0.0
2025-08-18 23:10:00+00:00,test,0.75,midline,0,76.11,0.001212,3.244,12,23,1,1,1.1099999999999994,0.06,0.355,0.06,0.355,0.0,0.0
2025-08-21 07:35:00+00:00,test,0.97,midline,0,23.22,0.001559,1.581,11,7,4,0,1.7800000000000011,0.43,0.1,0.43,0.1,0.0,0.0
2025-08-22 04:40:00+00:00,test,-0.51,midline,1,21.32,0.001615,1.618,12,4,5,0,3.6799999999999997,0.24,0.085,0.24,0.085,0.0,0.0
2025-08-25 07:20:00+00:00,test,0.23,midline,0,76.38,0.001472,1.954,9,7,1,1,1.3799999999999955,0.135,0.18,0.135,0.18,0.0,0.0
2025-08-27 05:25:00+00:00,test,0.03,midline,0,24.54,0.001511,1.581,10,5,3,0,0.46000000000000085,0.26,0.065,0.26,0.065,0.0,0.0
2025-09-01 07:10:00+00:00,test,0.1,midline,0,77.05,0.001278,2.075,10,7,1,1,2.049999999999997,0.46,0.275,0.505,0.275,0.044999999999999984,0.0
2025-09-09 00:25:00+00:00,test,0.51,midline,0,76.94,0.001076,2.157,2,0,2,1,1.9399999999999977,0.02,0.235,0.02,0.235,0.0,0.0
2025-09-12 08:05:00+00:00,test,0.49,midline,0,77.13,0.001561,1.682,1,8,5,1,2.1299999999999955,0.18,0.365,0.18,0.365,0.0,0.0
2025-09-18 05:35:00+00:00,test,-2.0,sl,1,24.55,0.001367,2.042,2,5,4,0,0.4499999999999993,0.505,0.2,0.54,0.2,0.03500000000000003,0.0
2025-09-23 02:40:00+00:00,test,0.7,midline,0,77.42,0.001491,1.963,2,2,2,1,2.4200000000000017,0.33,0.11,0.33,0.415,0.0,0.305
2025-09-29 01:15:00+00:00,test,0.23,midline,0,76.88,0.001359,2.779,2,1,1,1,1.8799999999999955,0.21,0.09,0.21,0.09,0.0,0.0
2025-09-30 01:50:00+00:00,test,0.86,midline,0,23.98,0.001326,2.735,2,1,2,0,1.0199999999999996,0.16,0.505,0.16,0.505,0.0,0.0
2025-10-01 07:45:00+00:00,test,1.79,midline,0,75.61,0.001473,2.514,1,7,3,1,0.6099999999999994,0.36,0.285,0.36,0.285,0.0,0.0
2025-10-09 07:10:00+00:00,test,-2.0,sl,1,21.04,0.00132,2.672,2,7,4,0,3.960000000000001,0.61,0.105,0.725,0.105,0.11499999999999999,0.0
2025-10-15 02:25:00+00:00,test,-0.4,midline,0,75.06,0.001618,1.733,2,2,3,1,0.060000000000002274,0.07,0.29,0.07,0.29,0.0,0.0
2025-10-16 01:35:00+00:00,test,-0.74,midline,1,79.27,0.001451,3.191,2,1,4,1,4.269999999999996,0.31,0.07,0.31,0.07,0.0,0.0
2025-10-21 01:15:00+00:00,test,0.01,midline,0,75.42,0.000844,1.654,2,1,2,1,0.4200000000000017,0.155,0.145,0.155,0.145,0.0,0.0
2025-10-23 01:10:00+00:00,test,0.49,midline,0,20.75,0.000894,2.862,2,1,4,0,4.25,0.2,0.07,0.2,0.07,0.0,0.0
2025-10-27 01:15:00+00:00,test,0.69,midline,0,76.62,0.001235,2.094,2,1,1,1,1.6200000000000045,0.2,0.24,0.2,0.36,0.0,0.12
2025-10-27 04:10:00+00:00,test,0.19,midline,0,22.01,0.000792,1.689,2,4,1,0,2.9899999999999984,0.075,0.135,0.075,0.135,0.0,0.0
2025-10-27 18:55:00+00:00,test,0.46,midline,0,75.18,0.001321,1.858,2,18,1,1,0.18000000000000682,0.09,0.305,0.09,0.315,0.0,0.010000000000000009
2025-10-29 03:45:00+00:00,test,-1.28,midline,1,24.25,0.000682,1.598,2,3,3,0,0.75,0.175,0.01,0.175,0.01,0.0,0.0
2025-10-31 07:10:00+00:00,test,0.93,midline,0,21.84,0.001576,1.633,2,7,5,0,3.16,0.05,0.385,0.05,0.385,0.0,0.0
2025-11-04 00:05:00+00:00,test,-0.63,midline,1,24.46,0.000617,2.119,2,0,2,0,0.5399999999999991,0.335,0.0,0.335,0.0,0.0,0.0
2025-11-04 06:25:00+00:00,test,-0.27,midline,0,76.52,0.001234,2.309,2,6,2,1,1.519999999999996,0.135,0.2,0.135,0.2,0.0,0.0
2025-11-04 11:55:00+00:00,test,-0.01,midline,1,23.37,0.001513,1.583,1,11,2,0,1.629999999999999,0.51,0.08,0.545,0.08,0.03500000000000003,0.0
2025-11-07 19:50:00+00:00,test,0.87,midline,0,22.06,0.001565,2.174,2,19,5,0,2.9400000000000013,0.04,0.415,0.04,0.415,0.0,0.0
2025-11-24 05:05:00+00:00,test,0.3,midline,0,76.52,0.000622,1.511,2,5,1,1,1.519999999999996,0.14,0.145,0.14,0.145,0.0,0.0
2025-11-27 00:05:00+00:00,test,0.35,midline,0,75.19,0.000911,1.559,2,0,4,1,0.18999999999999773,0.0,0.26,0.0,0.26,0.0,0.0
2025-11-28 02:00:00+00:00,test,0.2,midline,0,23.6,0.00164,1.591,2,1,5,0,1.3999999999999986,0.035,0.25,0.035,0.25,0.0,0.0
2025-12-04 20:40:00+00:00,test,0.07,midline,0,23.04,0.000935,1.55,2,20,4,0,1.9600000000000009,0.105,0.08,0.105,0.08,0.0,0.0
2025-12-05 01:05:00+00:00,test,0.01,midline,0,77.32,0.001027,1.525,2,1,5,1,2.319999999999993,0.055,0.12,0.055,0.12,0.0,0.0
2025-12-08 06:05:00+00:00,test,0.97,midline,0,80.78,0.001147,4.11,2,6,1,1,5.780000000000001,0.045,0.41,0.045,0.41,0.0,0.0
2025-12-10 08:00:00+00:00,test,0.44,midline,0,78.59,0.001503,2.861,1,7,3,1,3.5900000000000034,0.105,0.225,0.32,0.225,0.21500000000000002,0.0
2025-12-11 07:40:00+00:00,test,0.16,midline,0,77.21,0.001515,1.539,1,7,4,1,2.2099999999999937,0.125,0.32,0.195,0.32,0.07,0.0
2025-12-17 04:30:00+00:00,test,-0.13,midline,0,20.51,0.000831,1.57,2,4,3,0,4.489999999999998,0.135,0.075,0.135,0.075,0.0,0.0
2025-12-17 07:00:00+00:00,test,0.38,midline,0,19.55,0.001565,3.952,1,6,3,0,5.449999999999999,0.345,0.085,0.345,0.085,0.0,0.0
2025-12-19 20:55:00+00:00,test,0.47,midline,0,22.5,0.001033,2.195,6,20,5,0,2.5,0.165,0.2,0.165,0.2,0.0,0.0
2025-12-22 07:55:00+00:00,test,-0.05,midline,0,77.42,0.00144,1.747,6,7,1,1,2.4200000000000017,0.095,0.33,0.095,0.33,0.0,0.0
2025-12-29 05:05:00+00:00,test,-0.71,midline,0,23.65,0.001219,1.506,7,5,1,0,1.3500000000000014,0.48,0.0,0.48,0.0,0.0,0.0
2026-01-02 01:05:00+00:00,test,-0.22,midline,0,76.1,0.00092,2.544,6,1,5,1,1.0999999999999943,0.155,0.11,0.155,0.11,0.0,0.0
2026-01-02 06:20:00+00:00,test,-0.37,midline,0,18.27,0.001147,1.767,6,6,5,0,6.73,0.3,0.0,0.3,0.0,0.0,0.0
2026-01-02 07:35:00+00:00,test,0.08,midline,0,14.21,0.001205,1.868,7,7,5,0,10.79,0.09,0.3,0.135,0.3,0.04500000000000001,0.0
2026-01-04 23:05:00+00:00,test,0.48,midline,0,19.65,0.001463,3.5,6,23,0,0,5.350000000000001,0.03,0.415,0.03,0.415,0.0,0.0
2026-01-05 23:50:00+00:00,test,0.12,midline,0,20.65,0.00065,2.265,6,23,1,0,4.350000000000001,0.14,0.065,0.14,0.065,0.0,0.0
2026-01-07 07:40:00+00:00,test,-0.21,midline,1,24.39,0.001257,2.111,7,7,3,0,0.6099999999999994,0.335,0.195,0.365,0.195,0.02999999999999997,0.0
2026-01-12 05:35:00+00:00,test,0.17,midline,0,76.52,0.001418,1.575,6,5,1,1,1.519999999999996,0.135,0.145,0.135,0.175,0.0,0.03
2026-01-13 13:00:00+00:00,test,1.37,midline,0,24.63,0.001442,2.439,6,12,2,0,0.370000000000001,0.285,0.135,0.285,1.09,0.0,0.9550000000000001
2026-01-21 23:35:00+00:00,test,0.41,midline,0,24.71,0.001121,3.729,7,23,3,0,0.28999999999999915,0.185,0.07,0.185,0.17,0.0,0.1
2026-01-28 23:20:00+00:00,test,-2.0,sl,1,75.18,0.001259,2.655,6,23,3,1,0.18000000000000682,0.595,0.035,0.595,0.035,0.0,0.0
2026-02-05 07:05:00+00:00,test,-0.47,midline,0,75.27,0.001048,1.654,6,7,4,1,0.269999999999996,0.15,0.225,0.15,0.225,0.0,0.0
2026-02-17 00:45:00+00:00,test,0.04,midline,0,24.98,0.000568,2.151,6,0,2,0,0.019999999999999574,0.115,0.12,0.115,0.12,0.0,0.0
2026-02-20 01:50:00+00:00,test,0.03,midline,0,21.94,0.001369,1.911,6,1,5,0,3.0599999999999987,0.09,0.13,0.09,0.13,0.0,0.0
2026-02-23 11:35:00+00:00,test,-0.06,midline,0,17.12,0.001645,1.77,6,11,1,0,7.879999999999999,0.035,0.315,0.035,0.315,0.0,0.0
2026-02-24 04:35:00+00:00,test,0.28,midline,0,23.52,0.00147,1.985,6,4,2,0,1.4800000000000004,0.08,0.065,0.08,0.085,0.0,0.020000000000000004
2026-02-27 04:40:00+00:00,test,0.37,midline,0,75.03,0.000978,1.567,6,4,5,1,0.030000000000001137,0.045,0.205,0.045,0.205,0.0,0.0
2026-03-05 06:00:00+00:00,test,1.47,midline,0,23.54,0.001485,1.654,6,5,4,0,1.4600000000000009,0.38,0.02,0.38,0.07,0.0,0.05
2026-03-11 22:45:00+00:00,test,-0.67,midline,1,21.5,0.001635,3.905,7,22,3,0,3.5,0.195,0.11,0.315,0.11,0.12,0.0
2026-03-13 04:40:00+00:00,test,0.29,midline,0,24.64,0.00098,1.749,6,4,5,0,0.35999999999999943,0.055,0.145,0.055,0.145,0.0,0.0
2026-03-16 06:05:00+00:00,test,0.04,midline,0,21.75,0.001327,2.055,6,6,1,0,3.25,0.345,0.185,0.39,0.185,0.04500000000000004,0.0
2026-03-29 22:45:00+00:00,test,0.4,midline,0,24.46,0.001309,2.446,6,22,0,0,0.5399999999999991,0.075,0.23,0.075,0.23,0.0,0.0
2026-04-03 12:35:00+00:00,test,0.83,midline,0,23.29,0.001264,6.278,6,12,5,0,1.7100000000000009,0.17,0.255,0.17,0.255,0.0,0.0
2026-04-16 02:45:00+00:00,test,0.23,midline,0,79.17,0.001213,2.0,6,2,4,1,4.170000000000002,0.345,0.23,0.345,0.23,0.0,0.0
2026-04-22 05:20:00+00:00,test,0.92,midline,0,77.13,0.001235,4.44,6,5,3,1,2.1299999999999955,0.335,0.23,0.335,0.235,0.0,0.004999999999999977
2026-04-27 01:05:00+00:00,test,0.04,midline,0,81.05,0.001499,4.096,6,1,1,1,6.049999999999997,0.15,0.375,0.15,0.375,0.0,0.0
2026-04-28 06:50:00+00:00,test,0.56,midline,0,20.52,0.001604,1.876,6,6,2,0,4.48,0.43,0.205,0.43,0.285,0.0,0.07999999999999999
