entry_time,exit_time,symbol,timeframe,side,entry_px,exit_px,profit,exit_type,bars_held,rsi,bb_width_ratio,vol_ratio,spread_pts,entry_hour,entry_dow,mae_r,mfe_r,mae_r_b5,mfe_r_b5,mae_r_b6,mfe_r_b6,sl_pts
2023-01-02 23:05:00,2023.01.02 23:15:00,EURUSD,M5,sell,1.06795,1.06634,1.61,midline,1,78.33,0.001248,5.662,10,23,1,0.175,0.85,-1.0,-1.0,-1.0,-1.0,200.0
2023-01-04 05:10:00,2023.01.04 05:25:00,EURUSD,M5,sell,1.0576,1.05674,0.86,midline,2,76.27,0.000974,1.668,1,5,3,0.0,0.45,-1.0,-1.0,-1.0,-1.0,200.0
2023-01-11 05:35:00,2023.01.11 07:00:00,EURUSD,M5,sell,1.07471,1.0746,0.11,midline,16,76.12,0.001648,1.92,1,5,3,0.485,0.06,0.485,0.015,0.485,0.015,200.0
2023-02-03 00:05:00,2023.02.03 02:05:00,EURUSD,M5,buy,1.08976,1.0895,-0.26,midline,23,23.57,0.000963,5.231,1,0,5,0.32,0.1,0.175,0.1,0.175,0.1,200.0
2023-02-10 00:25:00,2023.02.10 01:00:00,EURUSD,M5,buy,1.07288,1.07346,0.58,midline,6,23.69,0.001158,2.079,1,0,5,0.155,0.29,0.155,0.1,0.155,0.29,200.0
2023-02-14 00:05:00,2023.02.14 01:00:00,EURUSD,M5,sell,1.0735,1.07336,0.14,midline,10,77.87,0.001204,2.782,1,0,2,0.09,0.245,0.09,0.22,0.09,0.225,200.0
2023-02-17 04:40:00,2023.02.17 06:00:00,EURUSD,M5,buy,1.06357,1.06384,0.27,midline,15,19.14,0.001567,2.066,1,4,5,0.145,0.25,0.145,0.25,0.145,0.25,200.0
2023-02-23 01:35:00,2023.02.23 02:30:00,EURUSD,M5,sell,1.06179,1.06156,0.23,midline,10,77.95,0.001164,1.818,1,1,4,0.185,0.135,0.185,0.07,0.185,0.095,200.0
2023-02-24 01:05:00,2023.02.24 01:30:00,EURUSD,M5,sell,1.06132,1.06006,1.26,midline,4,79.24,0.001391,2.002,1,1,5,0.055,0.655,-1.0,-1.0,-1.0,-1.0,200.0
2023-03-01 00:35:00,2023.03.01 01:10:00,EURUSD,M5,buy,1.05669,1.05712,0.43,midline,6,22.73,0.0016,4.039,1,0,3,0.075,0.265,0.075,0.12,0.075,0.265,200.0
2023-03-01 06:30:00,2023.03.01 07:45:44,EURUSD,M5,sell,1.0602,1.0622,-2.0,sl,14,78.08,0.001196,2.022,1,6,3,0.88,0.055,0.64,0.055,0.64,0.055,200.0
2023-03-03 01:00:00,2023.03.03 01:50:00,EURUSD,M5,sell,1.06107,1.06062,0.45,midline,9,77.49,0.001204,2.194,1,0,5,0.185,0.255,0.185,0.08,0.185,0.25,200.0
2023-03-03 06:55:00,2023.03.03 07:10:00,EURUSD,M5,sell,1.06213,1.06173,0.4,midline,2,77.93,0.001321,1.632,1,6,5,0.05,0.31,-1.0,-1.0,-1.0,-1.0,200.0
2023-03-07 07:00:00,2023.03.07 07:15:00,EURUSD,M5,buy,1.06764,1.06835,0.71,midline,2,24.52,0.001178,1.757,1,6,2,0.085,0.425,-1.0,-1.0,-1.0,-1.0,200.0
2023-03-14 00:10:00,2023.03.14 00:50:00,EURUSD,M5,buy,1.07133,1.07212,0.79,midline,7,24.65,0.001398,1.863,1,0,2,0.02,0.46,0.02,0.345,0.02,0.345,200.0
2023-03-16 05:30:00,2023.03.16 06:05:00,EURUSD,M5,sell,1.06123,1.0607,0.53,midline,6,76.61,0.001341,1.772,1,5,4,0.145,0.41,0.145,0.31,0.145,0.41,200.0
2023-03-28 01:55:00,2023.03.28 02:40:00,EURUSD,M5,sell,1.0817,1.08117,0.53,midline,8,78.15,0.001068,2.05,1,1,2,0.12,0.305,0.12,0.305,0.12,0.305,200.0
2023-04-02 23:20:00,2023.04.02 23:34:38,EURUSD,M5,buy,1.08298,1.08096,-2.02,sl,1,21.82,0.001318,3.504,2,23,0,0.1,0.22,-1.0,-1.0,-1.0,-1.0,200.0
2023-04-11 01:10:00,2023.04.11 02:15:00,EURUSD,M5,sell,1.08733,1.08702,0.31,midline,12,82.01,0.00093,2.744,1,1,2,0.28,0.16,0.14,0.06,0.14,0.06,200.0
2023-04-12 01:55:00,2023.04.12 03:20:00,EURUSD,M5,sell,1.09255,1.09248,0.07,midline,16,78.82,0.000821,3.729,1,1,3,0.165,0.21,0.11,0.21,0.11,0.21,200.0
2023-04-14 01:05:00,2023.04.14 01:15:00,EURUSD,M5,sell,1.10552,1.10511,0.41,midline,1,78.68,0.000629,4.877,1,1,5,0.035,0.32,-1.0,-1.0,-1.0,-1.0,200.0
2023-04-14 03:10:00,2023.04.14 04:10:00,EURUSD,M5,sell,1.1073,1.10677,0.53,midline,11,78.83,0.001552,2.427,1,3,5,0.01,0.335,0.01,0.225,0.01,0.31,200.0
2023-04-19 02:00:00,2023.04.19 02:35:00,EURUSD,M5,sell,1.09826,1.09771,0.55,midline,6,76.05,0.000762,1.912,1,1,3,0.07,0.325,0.07,0.2,0.07,0.325,200.0
2023-04-19 03:05:00,2023.04.19 03:50:00,EURUSD,M5,buy,1.09662,1.09726,0.64,midline,8,24.7,0.001594,1.957,1,3,3,0.045,0.39,0.045,0.37,0.045,0.39,200.0
2023-04-19 06:50:00,2023.04.19 07:05:00,EURUSD,M5,buy,1.09616,1.09693,0.77,midline,2,22.16,0.001173,1.769,1,6,3,0.07,0.39,-1.0,-1.0,-1.0,-1.0,200.0
2023-04-20 07:15:00,2023.04.20 08:10:00,EURUSD,M5,sell,1.09701,1.09619,0.82,midline,10,77.77,0.001372,1.965,1,7,4,0.16,0.63,0.16,0.19,0.16,0.19,200.0
2023-04-21 07:50:00,2023.04.21 08:35:00,EURUSD,M5,buy,1.09473,1.09527,0.54,midline,8,23.8,0.001624,1.647,1,7,5,0.47,0.295,0.47,0.115,0.47,0.125,200.0
2023-04-25 01:40:00,2023.04.25 02:40:00,EURUSD,M5,sell,1.10636,1.10613,0.23,midline,11,77.12,0.000998,2.378,1,1,2,0.17,0.3,0.15,0.3,0.15,0.3,200.0
2023-04-26 06:45:00,2023.04.26 07:35:00,EURUSD,M5,sell,1.09889,1.09965,-0.76,e8c,9,79.91,0.001476,1.809,1,6,3,0.4,0.205,0.1,0.205,0.135,0.205,200.0
2023-05-09 01:05:00,2023.05.09 02:10:00,EURUSD,M5,buy,1.09914,1.09926,0.12,midline,12,18.59,0.001019,3.824,1,1,2,0.32,0.065,0.32,0.005,0.32,0.005,200.0
2023-05-09 12:35:00,2023.05.09 13:45:00,EURUSD,M5,buy,1.09658,1.09626,-0.32,midline,13,23.84,0.001438,1.77,1,12,2,0.365,0.07,0.335,0.05,0.365,0.05,200.0
2023-05-10 06:25:00,2023.05.10 07:15:00,EURUSD,M5,buy,1.09683,1.09717,0.34,midline,9,24.79,0.00092,2.002,1,6,3,0.295,0.205,0.295,0.025,0.295,0.025,200.0
2023-05-15 07:15:00,2023.05.15 07:25:00,EURUSD,M5,sell,1.08717,1.0868,0.37,midline,1,76.71,0.001117,1.983,1,7,1,0.02,0.315,-1.0,-1.0,-1.0,-1.0,200.0
2023-05-17 06:55:00,2023.05.17 07:30:00,EURUSD,M5,buy,1.08567,1.08602,0.35,midline,6,24.14,0.001073,1.98,1,6,3,0.325,0.22,0.325,0.08,0.325,0.22,200.0
2023-05-19 07:10:00,2023.05.19 08:25:00,EURUSD,M5,sell,1.07787,1.07823,-0.36,midline,14,75.76,0.001522,2.457,1,7,5,0.665,0.14,0.665,0.14,0.665,0.14,200.0
2023-05-21 23:25:00,2023.05.22 00:45:00,EURUSD,M5,sell,1.08179,1.08182,-0.03,midline,15,75.77,0.001301,2.178,2,23,0,0.31,0.06,0.09,0.045,0.09,0.045,200.0
2023-05-30 06:25:00,2023.05.30 07:35:00,EURUSD,M5,buy,1.06879,1.06939,0.6,midline,13,16.44,0.001579,3.379,1,6,2,0.325,0.355,0.325,0.335,0.325,0.335,200.0
2023-06-05 00:35:00,2023.06.05 01:55:00,EURUSD,M5,buy,1.06962,1.0694,-0.22,midline,15,22.03,0.001241,1.508,1,0,1,0.295,0.105,0.2,0.105,0.22,0.105,200.0
2023-06-06 03:15:00,2023.06.06 03:40:00,EURUSD,M5,sell,1.07245,1.07173,0.72,midline,4,77.44,0.00087,3.235,1,3,2,0.01,0.4,-1.0,-1.0,-1.0,-1.0,200.0
2023-06-07 01:15:00,2023.06.07 02:00:00,EURUSD,M5,sell,1.07009,1.07005,0.04,midline,8,76.26,0.000764,2.122,1,1,3,0.175,0.15,0.155,0.15,0.175,0.15,200.0
2023-06-07 06:20:00,2023.06.07 07:25:00,EURUSD,M5,buy,1.06842,1.0676,-0.82,e8c,12,24.76,0.001204,1.809,1,6,3,0.465,0.22,0.04,0.22,0.04,0.22,200.0
2023-06-08 01:10:00,2023.06.08 02:15:00,EURUSD,M5,sell,1.07093,1.0707,0.23,midline,12,75.32,0.001443,1.545,1,1,4,0.035,0.14,0.0,0.13,0.0,0.14,200.0
2023-06-12 03:00:00,2023.06.12 04:00:00,EURUSD,M5,buy,1.07369,1.07385,0.16,midline,11,24.59,0.000881,2.082,1,2,1,0.195,0.09,0.075,0.085,0.075,0.085,200.0
2023-06-12 07:05:00,2023.06.12 07:40:00,EURUSD,M5,sell,1.07532,1.07475,0.57,midline,6,81.32,0.001178,2.079,1,7,1,0.03,0.29,0.03,0.235,0.03,0.29,200.0
2023-06-13 05:45:00,2023.06.13 06:10:00,EURUSD,M5,sell,1.07825,1.07868,-0.43,e8c,4,76.93,0.00046,1.824,1,5,2,0.31,0.065,-1.0,-1.0,-1.0,-1.0,200.0
2023-06-13 06:10:00,2023.06.13 07:00:00,EURUSD,M5,sell,1.07867,1.0783,0.37,midline,9,83.75,0.00094,1.979,1,6,2,0.47,0.215,0.47,0.0,0.47,0.0,200.0
2023-06-29 01:20:00,2023.06.29 02:15:00,EURUSD,M5,buy,1.09052,1.09081,0.29,midline,10,19.81,0.001161,2.973,1,1,4,0.2,0.25,0.155,0.065,0.2,0.065,200.0
2023-06-29 06:00:00,2023.06.29 06:35:00,EURUSD,M5,buy,1.08857,1.08928,0.71,midline,6,22.38,0.000796,2.056,1,5,4,0.075,0.455,0.075,0.16,0.075,0.455,200.0
2023-07-03 07:05:00,2023.07.03 08:15:35,EURUSD,M5,buy,1.0901,1.0881,-2.0,sl,13,24.4,0.001506,4.302,1,7,1,0.965,0.09,0.635,0.09,0.65,0.09,200.0
2023-07-04 20:10:00,2023.07.04 22:20:00,EURUSD,M5,buy,1.08858,1.08796,-0.62,midline,25,22.41,0.001164,1.803,8,20,2,0.54,0.08,0.16,0.08,0.265,0.08,200.0
2023-07-05 06:10:00,2023.07.05 06:35:00,EURUSD,M5,buy,1.08693,1.08764,0.71,midline,4,23.06,0.000866,2.901,1,6,3,0.07,0.365,-1.0,-1.0,-1.0,-1.0,200.0
2023-07-06 05:05:00,2023.07.06 05:55:00,EURUSD,M5,buy,1.08358,1.08411,0.53,midline,9,21.67,0.001445,1.702,1,5,4,0.105,0.275,0.105,0.07,0.105,0.105,200.0
2023-07-11 18:05:00,2023.07.11 19:15:00,EURUSD,M5,sell,1.10052,1.10036,0.16,midline,13,78.03,0.001432,1.848,6,18,2,0.2,0.1,0.2,0.075,0.2,0.075,200.0
2023-07-12 01:30:00,2023.07.12 04:05:00,EURUSD,M5,sell,1.10199,1.10278,-0.79,midline,30,82.04,0.000704,2.238,1,1,3,0.68,0.155,0.085,0.155,0.16,0.155,200.0
2023-07-14 07:00:00,2023.07.14 08:50:00,EURUSD,M5,buy,1.12199,1.12127,-0.72,midline,21,24.61,0.001434,3.002,6,6,5,0.78,0.29,0.25,0.29,0.25,0.29,200.0
2023-07-19 07:00:00,2023.07.19 07:05:00,EURUSD,M5,sell,1.12355,1.12221,1.34,midline,0,76.54,0.001287,3.175,1,6,3,0.005,0.925,-1.0,-1.0,-1.0,-1.0,200.0
2023-07-20 01:30:00,2023.07.20 01:55:00,EURUSD,M5,sell,1.12089,1.12198,-1.09,e8c,4,75.21,0.000647,2.5,1,1,4,0.52,0.045,-1.0,-1.0,-1.0,-1.0,200.0
2023-07-20 01:55:00,2023.07.20 03:45:00,EURUSD,M5,sell,1.12197,1.12233,-0.36,midline,21,85.45,0.001534,4.322,1,1,4,0.465,0.205,0.17,0.205,0.275,0.205,200.0
2023-07-26 07:00:00,2023.07.26 08:05:00,EURUSD,M5,sell,1.10622,1.10668,-0.46,midline,12,80.54,0.001422,1.88,3,6,3,0.45,0.27,0.43,0.27,0.45,0.27,200.0
2023-08-01 22:45:00,2023.08.01 22:53:39,EURUSD,M5,sell,1.0995,1.10153,-2.03,sl,0,76.79,0.001392,1.512,32,22,2,0.09,0.03,-1.0,-1.0,-1.0,-1.0,200.0
2023-08-03 05:45:00,2023.08.03 06:25:00,EURUSD,M5,buy,1.09234,1.09286,0.52,midline,7,22.75,0.000945,2.16,1,5,4,0.21,0.29,0.21,0.09,0.21,0.165,200.0
2023-08-07 06:55:00,2023.08.07 08:05:00,EURUSD,M5,buy,1.09852,1.0977,-0.82,midline,13,22.91,0.001282,1.891,5,6,1,0.72,0.065,0.38,0.065,0.505,0.065,200.0
2023-08-08 01:35:00,2023.08.08 03:30:00,EURUSD,M5,buy,1.09942,1.09844,-0.98,midline,22,21.87,0.001154,2.044,1,1,2,0.87,0.025,0.295,0.025,0.305,0.025,200.0
2023-08-09 06:10:00,2023.08.09 07:15:00,EURUSD,M5,sell,1.09784,1.09738,0.46,midline,12,76.57,0.001048,6.127,1,6,3,0.05,0.3,0.01,0.225,0.01,0.235,200.0
2023-08-10 01:35:00,2023.08.10 01:55:00,EURUSD,M5,buy,1.09678,1.09735,0.57,midline,3,20.66,0.001039,1.818,1,1,4,0.025,0.305,-1.0,-1.0,-1.0,-1.0,200.0
2023-08-11 02:55:00,2023.08.11 03:25:00,EURUSD,M5,sell,1.09961,1.09896,0.65,midline,5,76.9,0.001082,3.225,1,2,5,0.015,0.345,0.015,0.345,-1.0,-1.0,200.0
2023-08-16 07:30:00,2023.08.16 08:05:00,EURUSD,M5,sell,1.09272,1.09243,0.29,midline,6,75.25,0.001177,2.938,5,7,3,0.0,0.52,0.0,0.455,0.0,0.52,200.0
2023-08-17 01:20:00,2023.08.17 03:05:00,EURUSD,M5,buy,1.08668,1.08688,0.2,midline,20,21.78,0.001423,2.605,1,1,4,0.27,0.235,0.01,0.235,0.01,0.235,200.0
2023-08-18 01:50:00,2023.08.18 03:35:00,EURUSD,M5,sell,1.08825,1.08879,-0.54,midline,20,77.08,0.000813,2.182,1,1,5,0.565,0.01,0.475,0.01,0.475,0.01,200.0
2023-08-25 00:10:00,2023.08.25 01:10:00,EURUSD,M5,buy,1.07968,1.08016,0.48,midline,11,19.85,0.001374,4.389,1,0,5,0.225,0.33,0.225,0.24,0.225,0.24,200.0
2023-08-29 07:25:00,2023.08.29 08:20:00,EURUSD,M5,buy,1.08162,1.08175,0.13,midline,10,23.85,0.000757,1.746,1,7,2,0.39,0.2,0.29,0.2,0.385,0.2,200.0
2023-08-30 06:25:00,2023.08.30 06:35:00,EURUSD,M5,buy,1.08561,1.08679,1.18,midline,1,18.87,0.001296,3.495,1,6,3,0.02,0.73,-1.0,-1.0,-1.0,-1.0,200.0
2023-08-31 08:05:00,2023.08.31 09:50:29,EURUSD,M5,buy,1.09037,1.08837,-2.0,sl,20,23.36,0.001473,3.575,5,8,4,0.975,0.075,0.695,0.035,0.695,0.075,200.0
2023-09-01 07:25:00,2023.09.01 07:55:00,EURUSD,M5,buy,1.08308,1.0842,1.12,midline,5,22.94,0.001455,2.836,2,7,5,0.11,0.56,0.11,0.56,-1.0,-1.0,200.0
2023-09-04 08:20:00,2023.09.04 09:00:00,EURUSD,M5,sell,1.08031,1.07958,0.73,midline,7,76.86,0.001414,1.661,6,8,1,0.195,0.395,0.195,0.22,0.195,0.29,200.0
2023-09-08 01:30:00,2023.09.08 02:20:00,EURUSD,M5,sell,1.07035,1.07051,-0.16,midline,9,79.22,0.00095,2.285,1,1,5,0.575,0.06,0.575,0.06,0.575,0.06,200.0
2023-09-08 07:10:00,2023.09.08 07:35:00,EURUSD,M5,sell,1.07253,1.07197,0.56,midline,4,75.55,0.00143,4.06,1,7,5,0.15,0.3,-1.0,-1.0,-1.0,-1.0,200.0
2023-09-11 05:50:00,2023.09.11 06:45:00,EURUSD,M5,sell,1.0736,1.07325,0.35,midline,10,80.63,0.001619,1.874,1,5,1,0.27,0.175,0.155,0.09,0.17,0.09,200.0
2023-09-12 08:10:00,2023.09.12 09:35:00,EURUSD,M5,buy,1.07299,1.07208,-0.91,midline,16,23.44,0.000985,1.573,4,8,2,0.885,0.0,0.435,0.0,0.465,0.0,200.0
2023-09-14 01:50:00,2023.09.14 02:30:00,EURUSD,M5,sell,1.07393,1.07366,0.27,midline,7,75.08,0.000683,2.307,1,1,4,0.135,0.21,0.135,0.115,0.135,0.115,200.0
2023-09-15 07:25:00,2023.09.15 08:05:00,EURUSD,M5,sell,1.06635,1.06581,0.54,midline,7,77.77,0.001309,2.091,5,7,5,0.2,0.31,0.2,0.15,0.2,0.15,200.0
2023-09-20 07:20:00,2023.09.20 07:55:00,EURUSD,M5,sell,1.06904,1.06847,0.57,midline,6,75.34,0.001084,1.93,3,7,3,0.135,0.3,0.135,0.13,0.135,0.3,200.0
2023-09-21 01:05:00,2023.09.21 01:30:00,EURUSD,M5,buy,1.06484,1.0641,-0.74,e8c,4,20.73,0.000806,2.252,1,1,4,0.395,0.095,-1.0,-1.0,-1.0,-1.0,200.0
2023-09-21 01:30:00,2023.09.21 02:50:00,EURUSD,M5,buy,1.06411,1.06372,-0.39,midline,15,18.34,0.00128,1.988,1,1,4,0.67,0.0,0.565,0.0,0.67,0.0,200.0
2023-09-21 03:35:00,2023.09.21 04:15:00,EURUSD,M5,buy,1.06213,1.06312,0.99,midline,7,18.75,0.001591,2.595,1,3,4,0.125,0.535,0.125,0.395,0.125,0.475,200.0
2023-09-26 01:35:00,2023.09.26 02:15:00,EURUSD,M5,buy,1.05813,1.05864,0.51,midline,7,18.6,0.001407,1.715,1,1,2,0.04,0.305,0.04,0.27,0.04,0.27,200.0
2023-09-27 01:45:00,2023.09.27 02:25:00,EURUSD,M5,buy,1.05599,1.0565,0.51,midline,7,22.53,0.001098,1.833,1,1,3,0.205,0.26,0.205,0.075,0.205,0.195,200.0
2023-09-27 12:20:00,2023.09.27 13:25:00,EURUSD,M5,buy,1.05438,1.05409,-0.29,midline,12,22.69,0.001613,1.606,4,12,3,0.48,0.17,0.48,0.0,0.48,0.005,200.0
2023-10-02 06:55:00,2023.10.02 07:25:00,EURUSD,M5,buy,1.05622,1.05657,0.35,midline,5,23.58,0.001042,2.097,5,6,1,0.1,0.25,0.1,0.25,-1.0,-1.0,200.0
2023-10-05 07:15:00,2023.10.05 08:40:00,EURUSD,M5,buy,1.05127,1.05117,-0.1,midline,16,24.94,0.001427,1.885,1,7,4,0.565,0.155,0.21,0.155,0.245,0.155,200.0
2023-10-10 00:45:00,2023.10.10 01:20:00,EURUSD,M5,sell,1.05781,1.05754,0.27,midline,6,76.43,0.001165,2.362,1,0,2,0.275,0.365,0.275,0.175,0.275,0.365,200.0
2023-10-18 01:25:00,2023.10.18 02:30:00,EURUSD,M5,buy,1.05658,1.05649,-0.09,midline,12,23.3,0.001001,2.883,5,1,3,0.28,0.065,0.28,0.015,0.28,0.015,200.0
2023-10-18 07:15:00,2023.10.18 07:50:00,EURUSD,M5,sell,1.05913,1.05848,0.65,midline,6,77.65,0.001458,2.088,2,7,3,0.095,0.435,0.095,0.375,0.095,0.435,200.0
2023-10-23 03:55:00,2023.10.23 04:55:00,EURUSD,M5,buy,1.05746,1.05778,0.32,midline,11,24.95,0.001032,1.919,4,3,1,0.075,0.175,0.075,0.13,0.075,0.13,200.0
2023-10-25 01:10:00,2023.10.25 01:35:00,EURUSD,M5,sell,1.05966,1.0596,0.06,midline,4,76.3,0.000471,1.928,3,1,3,0.1,0.125,-1.0,-1.0,-1.0,-1.0,200.0
2023-10-26 03:20:00,2023.10.26 04:45:00,EURUSD,M5,buy,1.055,1.05446,-0.54,midline,16,24.5,0.001278,1.804,4,3,4,0.44,0.0,0.33,0.0,0.33,0.0,200.0
2023-10-31 06:45:00,2023.10.31 08:15:00,EURUSD,M5,sell,1.06076,1.06271,-1.95,e8c,17,75.99,0.0015,1.884,2,6,2,0.965,0.21,0.2,0.21,0.2,0.21,200.0
2023-11-01 23:15:00,2023.11.02 00:25:00,EURUSD,M5,sell,1.05828,1.05936,-1.08,e8c,13,76.25,0.001357,1.575,6,23,3,0.56,0.1,0.025,0.1,0.085,0.1,200.0
2023-11-02 00:25:00,2023.11.02 01:50:00,EURUSD,M5,sell,1.05933,1.05985,-0.52,midline,16,83.75,0.001638,1.55,3,0,4,0.43,0.115,0.395,0.115,0.43,0.115,200.0
2023-11-02 12:15:00,2023.11.02 13:25:00,EURUSD,M5,sell,1.06496,1.06524,-0.28,midline,13,81.52,0.001609,2.038,3,12,4,0.895,0.21,0.435,0.21,0.685,0.21,200.0
2023-11-07 07:00:00,2023.11.07 08:05:00,EURUSD,M5,buy,1.07006,1.07007,0.01,midline,12,23.98,0.000937,1.523,3,6,2,0.445,0.03,0.275,0.03,0.445,0.03,200.0
2023-11-09 06:00:00,2023.11.09 06:35:00,EURUSD,M5,buy,1.07027,1.07077,0.5,midline,6,24.12,0.000791,2.233,2,5,4,0.065,0.245,0.065,0.16,0.065,0.245,200.0
2023-11-10 07:10:00,2023.11.10 07:45:00,EURUSD,M5,buy,1.06593,1.06681,0.88,midline,6,23.87,0.000871,2.846,2,7,5,0.165,0.465,0.165,0.3,0.165,0.465,200.0
2023-11-13 07:15:00,2023.11.13 07:55:00,EURUSD,M5,sell,1.06954,1.06923,0.31,midline,7,76.71,0.001139,1.93,2,7,1,0.105,0.175,0.105,0.155,0.105,0.155,200.0
2023-11-20 02:30:00,2023.11.20 04:20:00,EURUSD,M5,sell,1.09206,1.09349,-1.43,e8c,21,75.45,0.001495,1.816,3,2,1,0.755,0.155,0.15,0.15,0.15,0.15,200.0
2023-11-20 04:20:00,2023.11.20 04:55:00,EURUSD,M5,sell,1.09345,1.09257,0.88,midline,6,78.61,0.001262,2.396,4,4,1,0.02,0.47,0.02,0.45,0.02,0.47,200.0
2023-11-23 06:00:00,2023.11.23 06:50:00,EURUSD,M5,sell,1.09103,1.09078,0.25,midline,9,76.94,0.000798,2.205,3,5,4,0.365,0.145,0.365,0.06,0.365,0.1,200.0
2023-11-24 06:00:00,2023.11.24 06:30:00,EURUSD,M5,sell,1.09117,1.09068,0.49,midline,5,80.06,0.001389,1.86,4,5,5,0.0,0.285,0.0,0.285,-1.0,-1.0,200.0
2023-11-28 08:00:00,2023.11.28 08:25:00,EURUSD,M5,buy,1.0936,1.09441,0.81,midline,4,23.26,0.001355,1.779,2,7,2,0.01,0.465,-1.0,-1.0,-1.0,-1.0,200.0
2023-11-28 23:30:00,2023.11.29 00:10:00,EURUSD,M5,sell,1.1004,1.09992,0.48,midline,7,78.37,0.00121,1.884,5,23,2,0.07,0.31,0.07,0.16,0.07,0.2,200.0
2023-11-29 01:05:00,2023.11.29 01:50:00,EURUSD,M5,sell,1.10151,1.10067,0.84,midline,8,80.07,0.001302,3.604,3,1,3,0.055,0.445,0.055,0.36,0.055,0.36,200.0
2023-11-30 00:55:00,2023.11.30 01:20:00,EURUSD,M5,sell,1.09825,1.09777,0.48,midline,4,79.72,0.000977,1.692,1,0,4,0.06,0.325,-1.0,-1.0,-1.0,-1.0,200.0
2023-12-05 00:40:00,2023.12.05 01:15:00,EURUSD,M5,sell,1.08443,1.08392,0.51,midline,6,78.33,0.00093,1.867,8,0,2,0.04,0.325,0.04,0.145,0.04,0.325,200.0
2023-12-07 07:35:00,2023.12.07 08:25:00,EURUSD,M5,sell,1.0774,1.0776,-0.2,midline,9,75.49,0.001449,1.544,1,7,4,0.44,0.105,0.44,0.085,0.44,0.085,200.0
2023-12-12 07:00:00,2023.12.12 07:50:00,EURUSD,M5,sell,1.07792,1.0777,0.22,midline,9,81.66,0.001014,1.641,8,6,2,0.195,0.26,0.195,0.1,0.195,0.1,200.0
2023-12-14 00:35:00,2023.12.14 01:15:00,EURUSD,M5,sell,1.08935,1.08884,0.51,midline,7,75.31,0.001405,2.213,7,0,4,0.11,0.405,0.11,0.26,0.11,0.3,200.0
2023-12-19 07:20:00,2023.12.19 08:00:00,EURUSD,M5,sell,1.09391,1.09286,1.05,midline,7,75.09,0.001312,2.059,1,7,2,0.115,0.585,0.115,0.365,0.115,0.39,200.0
2023-12-20 06:05:00,2023.12.20 06:30:00,EURUSD,M5,buy,1.09633,1.09575,-0.58,e8c,4,24.58,0.000696,1.52,1,6,3,0.37,0.02,-1.0,-1.0,-1.0,-1.0,200.0
2023-12-20 06:30:00,2023.12.20 07:30:00,EURUSD,M5,buy,1.09576,1.09587,0.11,midline,11,13.08,0.001148,1.625,1,6,3,0.34,0.135,0.12,0.135,0.34,0.135,200.0
2023-12-26 09:05:00,2023.12.26 10:05:00,EURUSD,M5,buy,1.10126,1.1016,0.34,midline,11,23.87,0.001327,1.92,1,9,2,0.145,0.175,0.145,0.06,0.145,0.06,200.0
2023-12-27 01:20:00,2023.12.27 02:00:00,EURUSD,M5,buy,1.10333,1.10361,0.28,midline,7,23.45,0.00097,1.833,1,1,3,0.08,0.17,0.08,0.095,0.08,0.095,200.0
2023-12-29 00:55:00,2023.12.29 02:05:00,EURUSD,M5,sell,1.10763,1.10774,-0.11,midline,13,76.63,0.001111,3.293,3,0,5,0.42,0.125,0.27,0.125,0.29,0.125,200.0
2024-01-04 03:35:00,2024.01.04 04:30:00,EURUSD,M5,sell,1.09287,1.09254,0.33,midline,10,77.39,0.001151,2.237,3,3,4,0.105,0.215,0.105,0.175,0.105,0.175,200.0
2024-01-05 03:30:00,2024.01.05 04:35:00,EURUSD,M5,buy,1.09411,1.09402,-0.09,midline,12,23.86,0.001422,1.573,3,3,5,0.185,0.05,0.11,0.05,0.115,0.05,200.0
2024-01-05 06:35:00,2024.01.05 07:15:00,EURUSD,M5,buy,1.09275,1.09302,0.27,midline,7,23.23,0.001051,2.11,1,6,5,0.15,0.195,0.15,0.045,0.15,0.095,200.0
2024-01-12 07:15:00,2024.01.12 08:10:00,EURUSD,M5,buy,1.09666,1.09742,0.76,midline,10,24.19,0.001147,2.607,1,7,5,0.285,0.43,0.285,0.16,0.285,0.16,200.0
2024-01-16 00:25:00,2024.01.16 00:50:00,EURUSD,M5,buy,1.09415,1.093,-1.15,e8c,4,19.95,0.000851,1.971,3,0,2,0.635,0.01,-1.0,-1.0,-1.0,-1.0,200.0
2024-01-18 01:00:00,2024.01.18 02:30:00,EURUSD,M5,sell,1.08941,1.08961,-0.2,midline,17,79.9,0.000965,2.747,3,0,4,0.43,0.105,0.335,0.105,0.335,0.105,200.0
2024-01-19 06:05:00,2024.01.19 06:55:00,EURUSD,M5,buy,1.08803,1.08804,0.01,midline,9,24.73,0.000908,1.783,3,6,5,0.24,0.075,0.24,0.075,0.24,0.075,200.0
2024-01-23 05:40:00,2024.01.23 07:00:00,EURUSD,M5,sell,1.09029,1.09141,-1.12,e8c,15,76.4,0.000977,1.652,3,5,2,0.565,0.08,0.255,0.08,0.255,0.08,200.0
2024-01-23 07:00:00,2024.01.23 07:25:00,EURUSD,M5,sell,1.0914,1.09078,0.62,midline,4,79.0,0.001346,2.072,1,6,2,0.11,0.315,-1.0,-1.0,-1.0,-1.0,200.0
2024-01-25 00:15:00,2024.01.25 01:35:00,EURUSD,M5,buy,1.08755,1.08753,-0.02,midline,15,21.81,0.001097,1.892,3,0,4,0.275,0.075,0.155,0.055,0.155,0.055,200.0
2024-01-25 07:15:00,2024.01.25 07:40:00,EURUSD,M5,sell,1.08892,1.08858,0.34,midline,4,77.13,0.001444,1.572,1,7,4,0.115,0.24,-1.0,-1.0,-1.0,-1.0,200.0
2024-01-26 06:50:00,2024.01.26 07:20:00,EURUSD,M5,buy,1.08305,1.08154,-1.51,e8c,5,23.93,0.001394,2.145,1,6,5,0.755,0.025,0.755,0.025,-1.0,-1.0,200.0
2024-01-29 20:05:00,2024.01.29 21:05:00,EURUSD,M5,sell,1.08276,1.08277,-0.01,midline,11,80.53,0.001537,3.885,1,20,1,0.64,0.085,0.64,0.08,0.64,0.08,200.0
2024-01-30 07:00:00,2024.01.30 07:45:00,EURUSD,M5,buy,1.0815,1.08167,0.17,midline,8,23.71,0.001226,1.688,1,6,2,0.17,0.225,0.17,0.19,0.17,0.19,200.0
2024-02-01 07:10:00,2024.02.01 08:00:00,EURUSD,M5,buy,1.07932,1.07932,0.0,midline,9,23.24,0.001134,1.508,1,7,4,0.48,0.055,0.48,0.01,0.48,0.01,200.0
2024-02-04 23:10:00,2024.02.04 23:40:00,EURUSD,M5,buy,1.07734,1.07782,0.48,midline,5,23.78,0.001464,2.118,3,23,0,0.18,0.31,0.18,0.31,-1.0,-1.0,200.0
2024-02-06 07:20:00,2024.02.06 07:50:00,EURUSD,M5,sell,1.07621,1.07548,0.73,midline,5,76.5,0.001366,1.68,1,7,2,0.015,0.405,0.015,0.405,-1.0,-1.0,200.0
2024-02-07 01:10:00,2024.02.07 03:00:00,EURUSD,M5,sell,1.07616,1.07637,-0.21,midline,21,75.72,0.000591,2.684,3,1,3,0.22,0.075,0.055,0.075,0.055,0.075,200.0
2024-02-13 06:35:00,2024.02.13 07:05:00,EURUSD,M5,sell,1.07703,1.07737,-0.34,e8c,5,79.06,0.000482,1.662,2,6,2,0.23,0.055,0.23,0.055,-1.0,-1.0,200.0
2024-02-13 07:05:00,2024.02.13 07:30:00,EURUSD,M5,sell,1.07735,1.07717,0.18,midline,4,81.49,0.000753,3.756,2,7,2,0.215,0.205,-1.0,-1.0,-1.0,-1.0,200.0
2024-02-15 12:35:00,2024.02.15 13:30:29,EURUSD,M5,sell,1.07451,1.07661,-2.1,sl,10,75.61,0.000938,1.621,1,12,4,0.29,0.14,0.185,0.14,0.185,0.14,200.0
2024-02-16 00:30:00,2024.02.16 01:35:00,EURUSD,M5,buy,1.07653,1.07648,-0.05,midline,12,24.42,0.001154,1.513,4,0,5,0.225,0.045,0.225,0.04,0.225,0.04,200.0
2024-02-19 07:15:00,2024.02.19 07:50:00,EURUSD,M5,sell,1.07881,1.07841,0.4,midline,6,75.33,0.00085,1.576,2,7,1,0.065,0.26,0.065,0.12,0.065,0.26,200.0
2024-02-19 18:20:00,2024.02.19 19:20:00,EURUSD,M5,sell,1.07825,1.07791,0.34,midline,11,88.16,0.001326,2.0,2,18,1,0.01,0.24,0.01,0.18,0.01,0.24,200.0
2024-02-22 00:35:00,2024.02.22 01:40:00,EURUSD,M5,sell,1.08281,1.08285,-0.04,midline,12,75.48,0.000965,1.575,4,0,4,0.185,0.075,0.185,0.03,0.185,0.065,200.0
2024-02-22 05:15:00,2024.02.22 05:50:00,EURUSD,M5,sell,1.08327,1.08378,-0.51,e8c,6,76.32,0.000933,1.997,4,5,4,0.26,0.03,0.14,0.03,0.26,0.03,200.0
2024-02-22 05:50:00,2024.02.22 07:10:00,EURUSD,M5,sell,1.08374,1.08442,-0.68,e8c,15,79.41,0.0011,2.123,4,5,4,0.36,0.24,0.005,0.24,0.005,0.24,200.0
2024-02-22 07:10:00,2024.02.22 08:15:05,EURUSD,M5,sell,1.0844,1.08673,-2.33,sl,12,76.42,0.000993,2.363,2,7,4,0.9,0.07,0.365,0.07,0.505,0.07,200.0
2024-02-26 07:10:00,2024.02.26 08:05:00,EURUSD,M5,sell,1.08295,1.08287,0.08,midline,10,75.78,0.000775,2.459,2,7,1,0.365,0.125,0.365,0.025,0.365,0.025,200.0
2024-02-28 05:35:00,2024.02.28 08:00:00,EURUSD,M5,buy,1.0828,1.08233,-0.47,midline,28,20.02,0.000554,2.283,4,5,3,0.585,0.07,0.15,0.04,0.15,0.07,200.0
2024-03-01 01:35:00,2024.03.01 02:00:00,EURUSD,M5,sell,1.08151,1.08216,-0.65,e8c,4,79.56,0.00099,1.644,4,1,5,0.31,0.01,-1.0,-1.0,-1.0,-1.0,200.0
2024-03-01 02:00:00,2024.03.01 02:45:00,EURUSD,M5,sell,1.08212,1.08194,0.18,midline,8,88.57,0.0014,1.624,4,1,5,0.03,0.245,0.03,0.245,0.03,0.245,200.0
2024-03-04 00:45:00,2024.03.04 01:10:00,EURUSD,M5,sell,1.08477,1.08431,0.46,midline,4,77.56,0.000582,3.589,4,0,1,0.015,0.275,-1.0,-1.0,-1.0,-1.0,200.0
2024-03-06 01:30:00,2024.03.06 02:10:00,EURUSD,M5,buy,1.08462,1.08461,-0.01,midline,7,24.86,0.000887,2.225,4,1,3,0.225,0.085,0.225,0.01,0.225,0.035,200.0
2024-03-06 07:15:00,2024.03.06 07:55:00,EURUSD,M5,sell,1.08628,1.08623,0.05,midline,7,76.49,0.000855,2.262,2,7,3,0.185,0.135,0.185,0.12,0.185,0.12,200.0
2024-03-07 07:45:00,2024.03.07 08:40:00,EURUSD,M5,buy,1.08933,1.08933,0.0,midline,10,24.85,0.001004,1.538,1,7,4,0.29,0.14,0.29,0.14,0.29,0.14,200.0
2024-03-08 00:40:00,2024.03.08 00:55:00,EURUSD,M5,sell,1.09547,1.09532,0.15,midline,2,76.61,0.000804,1.571,4,0,5,0.01,0.235,-1.0,-1.0,-1.0,-1.0,200.0
2024-03-08 07:35:00,2024.03.08 08:45:00,EURUSD,M5,buy,1.09361,1.09366,0.05,midline,13,23.74,0.001198,1.863,1,7,5,0.36,0.045,0.29,0.045,0.29,0.045,200.0
2024-03-13 17:10:00,2024.03.13 18:20:00,EURUSD,M5,sell,1.09575,1.0955,0.25,midline,13,75.28,0.001562,1.845,1,17,3,0.31,0.13,0.31,0.05,0.31,0.05,200.0
2024-03-19 08:05:00,2024.03.19 09:25:00,EURUSD,M5,buy,1.08519,1.08471,-0.48,midline,15,20.53,0.001603,1.953,1,8,2,0.48,0.08,0.305,0.08,0.48,0.08,200.0
2024-03-22 00:35:00,2024.03.22 01:05:00,EURUSD,M5,sell,1.08666,1.08635,0.31,midline,5,76.71,0.000737,1.864,2,0,5,0.065,0.18,0.065,0.18,-1.0,-1.0,200.0
2024-03-22 01:40:00,2024.03.22 04:05:27,EURUSD,M5,buy,1.08547,1.08347,-2.0,sl,28,24.25,0.000994,2.615,1,1,5,0.945,0.1,0.255,0.1,0.31,0.1,200.0
2024-03-27 22:05:00,2024.03.27 23:35:00,EURUSD,M5,buy,1.08188,1.08136,-0.52,midline,17,24.74,0.000879,2.761,12,22,3,0.45,0.0,0.345,0.0,0.345,0.0,200.0
2024-03-28 07:15:00,2024.03.28 08:09:22,EURUSD,M5,buy,1.08121,1.0792,-2.01,sl,9,22.68,0.001379,2.003,1,7,4,0.835,0.04,0.535,0.04,0.535,0.04,200.0
2024-03-29 07:45:00,2024.03.29 07:50:00,EURUSD,M5,sell,1.07799,1.07745,0.54,midline,0,82.42,0.000599,2.073,2,7,5,0.08,0.3,-1.0,-1.0,-1.0,-1.0,200.0
2024-04-03 08:10:00,2024.04.03 08:40:00,EURUSD,M5,buy,1.0765,1.07695,0.45,midline,5,21.74,0.00117,1.636,1,8,3,0.05,0.26,0.05,0.26,-1.0,-1.0,200.0
2024-04-04 19:10:00,2024.04.04 19:45:00,EURUSD,M5,buy,1.08548,1.08467,-0.81,e8c,6,24.69,0.000631,1.703,1,19,4,0.41,0.13,0.29,0.13,0.41,0.13,200.0
2024-04-04 19:45:00,2024.04.04 21:55:00,EURUSD,M5,buy,1.08468,1.08368,-1.0,midline,25,17.14,0.001543,1.545,1,19,4,0.765,0.325,0.09,0.325,0.155,0.325,200.0
2024-04-09 00:45:00,2024.04.09 01:05:00,EURUSD,M5,sell,1.08631,1.08614,0.17,midline,3,75.19,0.000386,1.536,1,0,2,0.015,0.1,-1.0,-1.0,-1.0,-1.0,200.0
2024-04-11 07:10:00,2024.04.11 08:15:00,EURUSD,M5,buy,1.0737,1.07418,0.48,midline,12,21.81,0.000798,2.219,1,7,4,0.52,0.27,0.12,0.105,0.12,0.115,200.0
2024-04-12 07:05:00,2024.04.12 07:40:00,EURUSD,M5,buy,1.07068,1.06907,-1.61,e8c,6,22.83,0.000588,3.779,1,7,5,0.785,0.15,0.25,0.15,0.785,0.15,200.0
2024-04-16 02:10:00,2024.04.16 02:55:00,EURUSD,M5,buy,1.06139,1.06163,0.24,midline,8,23.43,0.001415,1.711,1,2,2,0.335,0.16,0.335,0.125,0.335,0.125,200.0
2024-04-19 01:20:00,2024.04.19 01:55:00,EURUSD,M5,buy,1.06367,1.0642,0.53,midline,6,23.79,0.000594,2.225,1,1,5,0.035,0.345,0.035,0.155,0.035,0.345,200.0
2024-04-19 02:30:00,2024.04.19 03:35:00,EURUSD,M5,buy,1.06273,1.06192,-0.81,midline,12,22.51,0.001578,1.63,1,2,5,0.845,0.035,0.69,0.035,0.69,0.035,200.0
2024-04-23 07:10:00,2024.04.23 07:55:00,EURUSD,M5,buy,1.06444,1.06487,0.43,midline,8,24.28,0.001073,1.664,1,7,2,0.295,0.215,0.295,0.08,0.295,0.08,200.0
2024-04-24 08:15:00,2024.04.24 09:10:00,EURUSD,M5,buy,1.06884,1.06914,0.3,midline,10,20.5,0.001476,1.879,1,8,3,0.18,0.235,0.125,0.235,0.14,0.235,200.0
2024-04-25 01:05:00,2024.04.25 02:10:00,EURUSD,M5,sell,1.07023,1.07015,0.08,midline,12,77.23,0.000538,2.214,2,1,4,0.155,0.16,0.11,0.16,0.11,0.16,200.0
2024-04-25 07:15:00,2024.04.25 08:10:00,EURUSD,M5,sell,1.07163,1.07153,0.1,midline,10,81.37,0.000766,1.672,1,7,4,0.57,0.105,0.57,0.06,0.57,0.06,200.0
2024-04-26 07:15:00,2024.04.26 07:45:00,EURUSD,M5,sell,1.07312,1.0737,-0.58,e8c,5,76.02,0.00089,2.028,1,7,5,0.285,0.2,0.285,0.2,-1.0,-1.0,200.0
2024-04-26 07:45:00,2024.04.26 08:15:00,EURUSD,M5,sell,1.07369,1.07308,0.61,midline,5,77.78,0.001285,1.602,1,7,5,0.085,0.365,0.085,0.365,-1.0,-1.0,200.0
2024-04-26 20:05:00,2024.04.26 20:25:00,EURUSD,M5,sell,1.07058,1.07002,0.56,midline,3,76.79,0.001385,2.163,2,20,5,0.045,0.32,-1.0,-1.0,-1.0,-1.0,200.0
2024-04-29 01:05:00,2024.04.29 02:10:00,EURUSD,M5,sell,1.07092,1.07084,0.08,midline,12,78.81,0.000834,1.571,1,1,1,0.09,0.15,0.05,0.15,0.05,0.15,200.0
2024-04-29 05:15:00,2024.04.29 06:35:00,EURUSD,M5,sell,1.07247,1.07268,-0.21,midline,15,77.58,0.000759,3.225,1,5,1,0.45,0.05,0.26,0.05,0.34,0.05,200.0
2024-04-30 01:05:00,2024.04.30 01:30:00,EURUSD,M5,buy,1.07103,1.07167,0.64,midline,4,23.0,0.000679,2.505,1,1,2,0.005,0.335,-1.0,-1.0,-1.0,-1.0,200.0
2024-05-07 07:05:00,2024.05.07 07:55:00,EURUSD,M5,buy,1.07568,1.07629,0.61,midline,9,23.99,0.001183,2.411,1,7,2,0.135,0.33,0.135,0.175,0.135,0.175,200.0
2024-05-09 01:15:00,2024.05.09 01:55:00,EURUSD,M5,buy,1.07432,1.07454,0.22,midline,7,23.26,0.000536,2.407,1,1,4,0.045,0.135,0.045,0.135,0.045,0.135,200.0
2024-05-09 08:00:00,2024.05.09 08:45:00,EURUSD,M5,buy,1.07375,1.07317,-0.58,e8c,8,17.1,0.000824,1.687,1,7,4,0.305,0.185,0.085,0.185,0.085,0.185,200.0
2024-05-22 00:20:00,2024.05.22 00:40:30,EURUSD,M5,sell,1.08594,1.08579,0.15,midline,3,76.63,0.000482,1.88,9,0,3,0.0,0.135,-1.0,-1.0,-1.0,-1.0,200.0
2024-05-24 07:15:00,2024.05.24 08:00:00,EURUSD,M5,sell,1.08142,1.08136,0.06,midline,8,79.53,0.000501,1.636,7,7,5,0.19,0.2,0.19,0.2,0.19,0.2,200.0
2024-05-27 11:00:00,2024.05.27 11:25:00,EURUSD,M5,sell,1.08672,1.08554,1.18,midline,4,81.97,0.00163,1.922,1,10,1,0.01,0.615,-1.0,-1.0,-1.0,-1.0,200.0
2024-05-28 01:20:00,2024.05.28 01:55:00,EURUSD,M5,sell,1.08645,1.08687,-0.42,e8c,6,78.06,0.000506,1.956,7,1,2,0.195,0.155,0.08,0.155,0.195,0.155,200.0
2024-05-28 01:55:00,2024.05.28 04:20:00,EURUSD,M5,sell,1.0868,1.08748,-0.68,midline,28,77.16,0.000716,2.404,7,1,2,0.44,0.18,0.105,0.18,0.105,0.18,200.0
2024-05-28 12:10:00,2024.05.28 13:05:00,EURUSD,M5,sell,1.08867,1.08828,0.39,midline,10,80.45,0.001087,1.606,1,12,2,0.115,0.365,0.115,0.18,0.115,0.18,200.0
2024-05-29 01:05:00,2024.05.29 01:55:00,EURUSD,M5,buy,1.08505,1.0852,0.15,midline,9,24.1,0.000645,2.51,7,1,3,0.14,0.07,0.14,0.0,0.14,0.0,200.0
2024-06-03 22:00:00,2024.06.03 22:05:00,EURUSD,M5,sell,1.09029,1.09039,-0.1,midline,0,79.36,0.000575,1.626,26,21,1,0.03,0.175,-1.0,-1.0,-1.0,-1.0,200.0
2024-06-03 23:05:00,2024.06.04 00:40:00,EURUSD,M5,sell,1.09073,1.09075,-0.02,midline,18,76.98,0.000579,2.031,13,23,1,0.105,0.04,0.105,0.015,0.105,0.015,200.0
2024-06-04 01:05:00,2024.06.04 02:10:00,EURUSD,M5,sell,1.09141,1.09108,0.33,midline,12,76.21,0.000536,2.979,1,1,2,0.095,0.225,0.04,0.135,0.085,0.135,200.0
2024-06-04 07:15:00,2024.06.04 08:15:00,EURUSD,M5,buy,1.09018,1.08932,-0.86,e8c,11,24.38,0.001009,2.013,1,7,2,0.47,0.08,0.235,0.08,0.245,0.08,200.0
2024-06-06 01:15:00,2024.06.06 01:45:00,EURUSD,M5,sell,1.0876,1.08786,-0.26,e8c,5,78.9,0.000418,1.536,1,1,4,0.135,0.01,0.135,0.01,-1.0,-1.0,200.0
2024-06-06 01:45:00,2024.06.06 02:10:00,EURUSD,M5,sell,1.08785,1.08845,-0.6,e8c,4,79.11,0.000568,1.535,1,1,4,0.31,0.0,-1.0,-1.0,-1.0,-1.0,200.0
2024-06-06 02:15:00,2024.06.06 03:25:00,EURUSD,M5,sell,1.08875,1.08904,-0.29,midline,13,92.54,0.001445,2.188,1,2,4,0.345,0.05,0.305,0.05,0.305,0.05,200.0
2024-06-06 07:35:00,2024.06.06 08:00:00,EURUSD,M5,buy,1.08778,1.08841,0.63,midline,4,24.01,0.00099,1.706,1,7,4,0.03,0.325,-1.0,-1.0,-1.0,-1.0,200.0
2024-06-07 07:10:00,2024.06.07 07:35:00,EURUSD,M5,buy,1.08885,1.08903,0.18,midline,4,23.37,0.000817,1.913,1,7,5,0.025,0.18,-1.0,-1.0,-1.0,-1.0,200.0
2024-06-10 04:50:00,2024.06.10 05:15:00,EURUSD,M5,buy,1.07617,1.07485,-1.32,e8c,4,20.7,0.001207,2.229,1,4,1,0.665,0.005,-1.0,-1.0,-1.0,-1.0,200.0
2024-06-12 01:55:00,2024.06.12 02:25:00,EURUSD,M5,buy,1.07359,1.07379,0.2,midline,5,24.81,0.000557,1.84,7,1,3,0.06,0.12,0.06,0.12,-1.0,-1.0,200.0
2024-06-12 07:00:00,2024.06.12 07:50:00,EURUSD,M5,sell,1.07462,1.07432,0.3,midline,9,78.0,0.001015,1.548,1,6,3,0.045,0.255,0.015,0.255,0.035,0.255,200.0
2024-06-13 06:20:00,2024.06.13 06:40:00,EURUSD,M5,buy,1.08019,1.08047,0.28,midline,3,21.53,0.00058,1.721,7,6,4,0.07,0.15,-1.0,-1.0,-1.0,-1.0,200.0
2024-06-14 07:05:00,2024.06.14 07:40:00,EURUSD,M5,buy,1.07286,1.07175,-1.11,e8c,6,22.13,0.000926,2.116,8,7,5,0.63,0.21,0.21,0.21,0.63,0.21,200.0
2024-06-17 07:05:00,2024.06.17 07:45:00,EURUSD,M5,buy,1.06915,1.06996,0.81,midline,7,17.46,0.001156,3.367,7,7,1,0.26,0.41,0.26,0.24,0.26,0.25,200.0
2024-06-20 07:10:00,2024.06.20 08:30:00,EURUSD,M5,buy,1.07359,1.07336,-0.23,midline,15,21.08,0.000843,2.019,11,7,4,0.26,0.09,0.185,0.09,0.24,0.09,200.0
2024-06-24 01:05:00,2024.06.24 01:35:00,EURUSD,M5,buy,1.06856,1.06905,0.49,midline,5,24.62,0.000923,1.704,1,1,1,0.035,0.25,0.035,0.25,-1.0,-1.0,200.0
2024-06-24 07:10:00,2024.06.24 07:35:00,EURUSD,M5,sell,1.07005,1.07051,-0.46,e8c,4,76.44,0.00076,2.816,1,7,1,0.285,0.07,-1.0,-1.0,-1.0,-1.0,200.0
2024-06-25 06:20:00,2024.06.25 07:05:00,EURUSD,M5,sell,1.07436,1.07377,0.59,midline,8,77.35,0.000673,1.514,1,6,2,0.03,0.31,0.03,0.135,0.03,0.135,200.0
2024-06-26 01:05:00,2024.06.26 01:25:00,EURUSD,M5,buy,1.07073,1.07099,0.26,midline,3,20.97,0.000784,1.777,1,1,3,0.055,0.135,-1.0,-1.0,-1.0,-1.0,200.0
2024-06-26 07:45:00,2024.06.26 08:15:00,EURUSD,M5,buy,1.06964,1.06896,-0.68,e8c,5,21.37,0.001419,1.546,1,7,3,0.335,0.155,0.335,0.155,-1.0,-1.0,200.0
2024-06-28 02:00:00,2024.06.28 03:20:00,EURUSD,M5,buy,1.06979,1.06936,-0.43,midline,15,22.96,0.001133,2.53,2,1,5,0.63,0.055,0.485,0.055,0.52,0.055,200.0
2024-07-02 08:20:00,2024.07.02 09:15:00,EURUSD,M5,buy,1.07184,1.07212,0.28,midline,10,22.56,0.001582,1.514,1,8,2,0.32,0.275,0.32,0.09,0.32,0.09,200.0
2024-07-03 01:10:00,2024.07.03 01:35:00,EURUSD,M5,sell,1.07526,1.07501,0.25,midline,4,77.15,0.00047,2.447,1,1,3,0.055,0.19,-1.0,-1.0,-1.0,-1.0,200.0
2024-07-03 06:10:00,2024.07.03 07:05:00,EURUSD,M5,buy,1.07378,1.07388,0.1,midline,10,20.42,0.000595,1.583,1,6,3,0.09,0.155,0.09,0.07,0.09,0.07,200.0
2024-07-03 08:05:00,2024.07.03 10:00:00,EURUSD,M5,sell,1.07525,1.07582,-0.57,midline,22,77.8,0.001365,2.132,1,8,3,0.55,0.095,0.34,0.095,0.34,0.095,200.0
2024-07-04 01:05:00,2024.07.04 01:25:00,EURUSD,M5,sell,1.07928,1.079,0.28,midline,3,76.46,0.00043,2.644,1,1,4,0.045,0.16,-1.0,-1.0,-1.0,-1.0,200.0
2024-07-04 22:00:00,2024.07.04 23:05:00,EURUSD,M5,buy,1.08139,1.08117,-0.22,midline,12,24.86,0.000266,6.508,50,21,4,0.255,0.0,0.255,0.0,0.255,0.0,200.0
2024-07-05 01:45:00,2024.07.05 02:40:00,EURUSD,M5,sell,1.08174,1.08154,0.2,midline,10,78.87,0.000799,1.586,1,1,5,0.025,0.185,0.025,0.185,0.025,0.185,200.0
2024-07-08 07:10:00,2024.07.08 07:40:00,EURUSD,M5,buy,1.0818,1.08242,0.62,midline,5,24.63,0.001153,2.229,1,7,1,0.17,0.32,0.17,0.32,-1.0,-1.0,200.0
2024-07-09 00:10:00,2024.07.09 01:35:00,EURUSD,M5,sell,1.0828,1.08298,-0.18,midline,16,75.16,0.000396,1.697,2,0,2,0.265,0.025,0.11,0.025,0.135,0.025,200.0
2024-08-01 07:30:00,2024.08.01 09:03:33,EURUSD,M5,buy,1.08176,1.07975,-2.01,sl,17,23.84,0.000989,1.576,1,7,4,0.93,0.115,0.33,0.01,0.33,0.115,200.0
2024-08-02 07:15:00,2024.08.02 07:40:00,EURUSD,M5,sell,1.08075,1.08004,0.71,midline,4,76.08,0.001188,1.672,1,7,5,0.06,0.41,-1.0,-1.0,-1.0,-1.0,200.0
2024-08-06 01:15:00,2024.08.06 01:35:00,EURUSD,M5,buy,1.09444,1.09521,0.77,midline,3,24.49,0.001214,1.767,1,1,2,0.035,0.465,-1.0,-1.0,-1.0,-1.0,200.0
2024-08-07 02:45:00,2024.08.07 04:05:00,EURUSD,M5,buy,1.09162,1.09163,0.01,midline,15,23.86,0.001176,1.795,1,2,3,0.26,0.15,0.26,0.15,0.26,0.15,200.0
2024-08-08 00:15:00,2024.08.08 01:00:00,EURUSD,M5,sell,1.09297,1.09273,0.24,midline,8,75.09,0.000807,1.921,1,0,4,0.205,0.145,0.205,0.06,0.205,0.06,200.0
2024-08-15 02:20:00,2024.08.15 03:05:00,EURUSD,M5,buy,1.1006,1.10067,0.07,midline,8,23.59,0.000779,1.51,4,2,4,0.155,0.17,0.155,0.055,0.155,0.055,200.0
2024-08-18 22:01:00,2024.08.18 22:10:00,EURUSD,M5,sell,1.10268,1.10278,-0.1,midline,1,77.02,0.000799,1.517,27,21,5,0.0,0.21,-1.0,-1.0,-1.0,-1.0,200.0
2024-08-18 23:05:00,2024.08.18 23:25:00,EURUSD,M5,sell,1.10319,1.10258,0.61,midline,3,75.72,0.000742,2.308,3,23,0,0.1,0.335,-1.0,-1.0,-1.0,-1.0,200.0
2024-08-19 04:15:00,2024.08.19 05:35:00,EURUSD,M5,sell,1.10375,1.10391,-0.16,midline,15,76.12,0.000666,1.847,4,4,1,0.14,0.07,0.14,0.07,0.14,0.07,200.0
2024-08-19 06:55:00,2024.08.19 07:30:00,EURUSD,M5,sell,1.10481,1.10415,0.66,midline,6,75.96,0.001097,1.53,4,6,1,0.095,0.37,0.095,0.17,0.095,0.37,200.0
2024-08-28 00:55:00,2024.08.28 01:45:00,EURUSD,M5,buy,1.11775,1.11782,0.07,midline,9,22.49,0.000727,2.651,4,0,3,0.15,0.085,0.15,0.015,0.15,0.04,200.0
2024-08-29 01:20:00,2024.08.29 02:35:00,EURUSD,M5,sell,1.11299,1.11291,0.08,midline,14,77.18,0.000632,1.742,4,1,4,0.19,0.085,0.11,0.08,0.11,0.08,200.0
2024-09-09 07:30:00,2024.09.09 07:55:00,EURUSD,M5,buy,1.10678,1.10632,-0.46,e8c,4,22.53,0.000909,1.549,4,7,1,0.37,0.115,-1.0,-1.0,-1.0,-1.0,200.0
2024-09-09 08:05:00,2024.09.09 08:55:00,EURUSD,M5,buy,1.10579,1.10631,0.52,midline,9,20.23,0.001329,2.103,4,8,1,0.15,0.29,0.15,0.205,0.15,0.205,200.0
2024-09-10 01:10:00,2024.09.10 02:15:00,EURUSD,M5,buy,1.10324,1.10326,0.02,midline,12,23.11,0.00056,2.919,4,1,2,0.205,0.05,0.205,0.035,0.205,0.035,200.0
2024-09-10 08:00:00,2024.09.10 08:35:00,EURUSD,M5,sell,1.10491,1.10416,0.75,midline,6,75.69,0.001153,2.2,3,7,2,0.0,0.505,0.0,0.405,0.0,0.505,200.0
2024-09-11 02:35:00,2024.09.11 03:45:00,EURUSD,M5,sell,1.10351,1.10354,-0.03,midline,13,80.35,0.001411,2.523,4,2,3,0.46,0.145,0.305,0.145,0.46,0.145,200.0
2024-09-12 07:00:00,2024.09.12 07:40:00,EURUSD,M5,sell,1.10216,1.10202,0.14,midline,7,77.5,0.000576,2.141,4,6,4,0.11,0.21,0.11,0.21,0.11,0.21,200.0
2024-09-13 01:20:00,2024.09.13 02:35:00,EURUSD,M5,sell,1.10834,1.10846,-0.12,midline,14,77.02,0.001086,1.563,4,1,5,0.265,0.155,0.13,0.155,0.13,0.155,200.0
2024-09-15 23:30:00,2024.09.16 02:05:00,EURUSD,M5,sell,1.10861,1.10908,-0.47,midline,30,75.16,0.001169,2.373,4,23,0,0.315,0.065,0.055,0.035,0.055,0.065,200.0
2024-09-16 04:40:00,2024.09.16 05:45:00,EURUSD,M5,sell,1.10983,1.10981,0.02,midline,12,76.88,0.001318,1.591,4,4,1,0.335,0.045,0.335,0.0,0.335,0.0,200.0
2024-09-16 07:50:00,2024.09.16 10:40:00,EURUSD,M5,sell,1.11117,1.11223,-1.06,midline,33,80.81,0.001545,1.558,4,7,1,0.855,0.12,0.2,0.105,0.2,0.12,200.0
2024-09-18 00:35:00,2024.09.18 01:45:00,EURUSD,M5,sell,1.11228,1.11231,-0.03,midline,13,79.42,0.000907,1.731,4,0,3,0.095,0.075,0.06,0.065,0.06,0.075,200.0
2024-09-18 01:55:00,2024.09.18 02:40:00,EURUSD,M5,sell,1.11282,1.11265,0.17,midline,8,79.04,0.00057,2.532,4,1,3,0.11,0.155,0.11,0.12,0.11,0.12,200.0
2024-09-18 06:05:00,2024.09.18 07:00:00,EURUSD,M5,buy,1.11196,1.11204,0.08,midline,10,22.41,0.000852,1.61,4,6,3,0.1,0.095,0.06,0.085,0.065,0.085,200.0
2024-09-19 07:55:00,2024.09.19 09:33:35,EURUSD,M5,sell,1.11403,1.11605,-2.02,sl,18,76.33,0.001305,1.529,3,7,4,0.87,0.15,0.625,0.15,0.625,0.15,200.0
2024-09-24 23:40:00,2024.09.25 00:40:00,EURUSD,M5,sell,1.11833,1.11856,-0.23,midline,11,76.26,0.000453,2.427,4,23,2,0.275,0.02,0.275,0.02,0.275,0.02,200.0
2024-09-26 07:00:00,2024.09.26 07:45:00,EURUSD,M5,sell,1.11494,1.11547,-0.53,e8c,8,77.16,0.001061,1.518,4,6,4,0.26,0.13,0.16,0.13,0.17,0.13,200.0
2024-10-03 01:30:00,2024.10.03 02:35:00,EURUSD,M5,buy,1.10386,1.1038,-0.06,midline,12,23.58,0.000751,1.638,4,1,4,0.175,0.175,0.075,0.175,0.075,0.175,200.0
2024-10-03 06:20:00,2024.10.03 07:05:00,EURUSD,M5,buy,1.1026,1.10284,0.24,midline,8,23.76,0.000897,2.029,4,6,4,0.055,0.19,0.055,0.115,0.055,0.115,200.0
2024-10-14 01:05:00,2024.10.14 01:30:00,EURUSD,M5,buy,1.09174,1.09223,0.49,midline,4,16.66,0.00119,2.803,4,1,1,0.11,0.33,-1.0,-1.0,-1.0,-1.0,200.0
2024-10-16 07:05:00,2024.10.16 08:10:00,EURUSD,M5,buy,1.08811,1.08827,0.16,midline,12,21.76,0.000725,4.864,4,7,3,0.3,0.11,0.205,0.11,0.23,0.11,200.0
2024-10-21 06:00:00,2024.10.21 06:50:00,EURUSD,M5,buy,1.08589,1.0861,0.21,midline,9,23.57,0.000948,1.752,4,5,1,0.02,0.22,0.02,0.22,0.02,0.22,200.0
2024-10-23 12:45:00,2024.10.23 13:50:00,EURUSD,M5,buy,1.07705,1.07715,0.1,midline,12,19.51,0.000989,1.574,3,12,3,0.47,0.22,0.38,0.035,0.38,0.035,200.0
2024-10-24 01:55:00,2024.10.24 02:20:00,EURUSD,M5,sell,1.07884,1.0784,0.44,midline,4,76.44,0.000819,2.119,4,1,4,0.06,0.26,-1.0,-1.0,-1.0,-1.0,200.0
2024-10-27 22:05:00,2024.10.27 22:20:00,EURUSD,M5,buy,1.07901,1.07956,0.55,midline,2,23.28,0.000614,2.58,13,22,0,0.08,0.28,-1.0,-1.0,-1.0,-1.0,200.0
2024-10-28 08:10:00,2024.10.28 09:35:00,EURUSD,M5,sell,1.08053,1.08149,-0.96,midline,16,76.2,0.001399,1.712,4,8,1,0.795,0.02,0.54,0.02,0.54,0.02,200.0
2024-10-30 06:45:00,2024.10.30 07:10:00,EURUSD,M5,sell,1.08231,1.08193,0.38,midline,4,76.44,0.001139,1.535,4,6,3,0.15,0.215,-1.0,-1.0,-1.0,-1.0,200.0
2024-10-31 02:00:00,2024.10.31 02:40:00,EURUSD,M5,buy,1.08451,1.08507,0.56,midline,7,19.78,0.001161,1.529,4,1,4,0.04,0.285,0.04,0.23,0.04,0.235,200.0
2024-11-01 08:10:00,2024.11.01 09:10:00,EURUSD,M5,buy,1.08632,1.08677,0.45,midline,11,24.1,0.001234,1.561,4,8,5,0.3,0.22,0.3,0.0,0.3,0.0,200.0
2024-11-05 07:10:00,2024.11.05 08:15:00,EURUSD,M5,sell,1.08864,1.08875,-0.11,midline,12,76.16,0.000724,1.874,4,7,2,0.215,0.11,0.215,0.075,0.215,0.075,200.0
2024-11-05 23:20:00,2024.11.05 23:45:00,EURUSD,M5,buy,1.09153,1.09262,1.09,midline,4,21.33,0.001161,2.974,4,23,2,0.08,0.7,-1.0,-1.0,-1.0,-1.0,200.0
2024-11-07 07:10:00,2024.11.07 07:55:00,EURUSD,M5,sell,1.07569,1.07554,0.15,midline,8,76.4,0.001399,1.871,4,7,4,0.65,0.205,0.65,0.045,0.65,0.045,200.0
2024-11-14 05:20:00,2024.11.14 05:45:00,EURUSD,M5,buy,1.05377,1.05449,0.72,midline,4,22.96,0.001133,2.462,4,5,4,0.12,0.38,-1.0,-1.0,-1.0,-1.0,200.0
2024-11-15 06:50:00,2024.11.15 08:10:00,EURUSD,M5,sell,1.05558,1.05569,-0.11,midline,15,77.09,0.001603,2.067,4,6,5,0.4,0.255,0.25,0.255,0.25,0.255,200.0
2024-11-28 00:15:00,2024.11.28 01:05:00,EURUSD,M5,buy,1.05573,1.05502,-0.71,e8c,9,24.45,0.001274,1.573,4,0,4,0.365,0.23,0.035,0.23,0.075,0.23,200.0
2024-11-28 01:05:00,2024.11.28 01:30:00,EURUSD,M5,buy,1.05505,1.05576,0.71,midline,4,20.26,0.001537,1.721,3,1,4,0.165,0.385,-1.0,-1.0,-1.0,-1.0,200.0
2024-12-04 06:55:00,2024.12.04 07:15:00,EURUSD,M5,sell,1.05243,1.05162,0.81,midline,3,75.48,0.001361,1.713,4,6,3,0.11,0.445,-1.0,-1.0,-1.0,-1.0,200.0
2024-12-06 01:55:00,2024.12.06 02:20:00,EURUSD,M5,buy,1.0568,1.05719,0.39,midline,4,19.48,0.001606,1.821,4,1,5,0.045,0.27,-1.0,-1.0,-1.0,-1.0,200.0
2024-12-12 00:05:00,2024.12.12 00:40:00,EURUSD,M5,sell,1.05074,1.05046,0.28,midline,6,77.87,0.001383,2.665,4,0,4,0.055,0.25,0.055,0.23,0.055,0.25,200.0
2024-12-12 07:05:00,2024.12.12 08:00:00,EURUSD,M5,sell,1.05183,1.05162,0.21,midline,10,79.9,0.001227,1.721,4,7,4,0.63,0.105,0.63,0.01,0.63,0.01,200.0
2024-12-16 00:55:00,2024.12.16 02:25:00,EURUSD,M5,sell,1.05179,1.05176,0.03,midline,17,76.13,0.001351,1.902,4,0,1,0.245,0.275,0.135,0.275,0.135,0.275,200.0
2024-12-17 00:55:00,2024.12.17 01:30:00,EURUSD,M5,sell,1.05337,1.0521,1.27,midline,6,86.36,0.001649,2.431,4,0,2,0.0,0.695,0.0,0.645,0.0,0.695,200.0
2024-12-17 06:00:00,2024.12.17 06:25:00,EURUSD,M5,buy,1.0505,1.04979,-0.71,e8c,4,24.32,0.000663,1.981,4,5,2,0.37,0.135,-1.0,-1.0,-1.0,-1.0,200.0
2024-12-18 00:20:00,2024.12.18 01:10:00,EURUSD,M5,sell,1.04991,1.04971,0.2,midline,9,75.44,0.000703,1.782,4,0,3,0.18,0.125,0.18,0.055,0.18,0.055,200.0
2024-12-18 07:55:00,2024.12.18 09:15:00,EURUSD,M5,buy,1.04948,1.04963,0.15,midline,15,24.71,0.001524,1.743,4,7,3,0.37,0.19,0.37,0.19,0.37,0.19,200.0
2024-12-23 07:45:00,2024.12.23 09:00:00,EURUSD,M5,buy,1.04231,1.04178,-0.53,midline,14,20.8,0.001413,1.708,4,7,1,0.795,0.01,0.6,0.01,0.6,0.01,200.0
2024-12-26 07:25:00,2024.12.26 07:55:00,EURUSD,M5,buy,1.03926,1.03965,0.39,midline,5,24.27,0.000829,1.966,4,7,4,0.09,0.365,0.09,0.365,-1.0,-1.0,200.0
2025-01-03 07:05:00,2025.01.03 07:20:00,EURUSD,M5,sell,1.02812,1.02763,0.49,midline,2,75.96,0.001027,2.695,4,7,5,0.015,0.48,-1.0,-1.0,-1.0,-1.0,200.0
2025-01-09 00:35:00,2025.01.09 01:00:00,EURUSD,M5,buy,1.03052,1.0313,0.78,midline,4,23.0,0.001089,1.763,4,0,4,0.02,0.395,-1.0,-1.0,-1.0,-1.0,200.0
2025-01-10 06:00:00,2025.01.10 07:10:00,EURUSD,M5,buy,1.02861,1.02876,0.15,midline,13,23.69,0.001096,2.045,4,5,5,0.25,0.1,0.205,0.1,0.205,0.1,200.0
2025-01-16 07:15:00,2025.01.16 08:15:00,EURUSD,M5,sell,1.02982,1.02931,0.51,midline,11,76.36,0.001611,1.788,4,7,4,0.155,0.285,0.155,0.22,0.155,0.22,200.0
2025-01-27 23:05:00,2025.01.27 23:18:23,EURUSD,M5,buy,1.04804,1.04603,-2.01,sl,1,21.22,0.001014,3.19,4,23,1,0.44,0.065,-1.0,-1.0,-1.0,-1.0,200.0
2025-01-31 07:25:00,2025.01.31 07:55:00,EURUSD,M5,sell,1.04036,1.04023,0.13,midline,5,78.5,0.001645,1.637,4,7,5,0.45,0.345,0.45,0.345,-1.0,-1.0,200.0
2025-02-19 06:15:00,2025.02.19 07:00:00,EURUSD,M5,sell,1.04596,1.04551,0.45,midline,8,77.27,0.001048,1.879,4,6,3,0.08,0.265,0.08,0.095,0.08,0.165,200.0
2025-04-03 23:20:00,2025.04.04 00:05:00,EURUSD,M5,sell,1.10587,1.10568,0.19,midline,8,77.31,0.001162,1.692,9,23,4,0.615,0.16,0.615,0.125,0.615,0.125,200.0
2025-05-06 01:15:00,2025.05.06 02:45:00,EURUSD,M5,buy,1.12993,1.12898,-0.95,midline,17,22.97,0.001365,1.589,10,1,2,0.99,0.0,0.94,0.0,0.94,0.0,200.0
2025-05-16 06:10:00,2025.05.16 07:10:00,EURUSD,M5,sell,1.12135,1.12126,0.09,midline,11,75.3,0.001399,1.635,8,6,5,0.23,0.475,0.0,0.475,0.02,0.475,200.0
2025-05-20 01:25:00,2025.05.20 02:00:00,EURUSD,M5,buy,1.1224,1.12278,0.38,midline,6,21.99,0.001239,2.18,12,1,2,0.32,0.175,0.32,0.075,0.32,0.175,200.0
2025-05-21 01:30:00,2025.05.21 01:55:00,EURUSD,M5,sell,1.12968,1.12949,0.19,midline,4,75.68,0.001431,1.678,8,1,3,0.195,0.445,-1.0,-1.0,-1.0,-1.0,200.0
2025-05-28 01:30:00,2025.05.28 01:55:00,EURUSD,M5,sell,1.13442,1.13362,0.8,midline,4,77.14,0.00099,1.609,8,1,3,0.055,0.535,-1.0,-1.0,-1.0,-1.0,200.0
2025-05-29 00:15:00,2025.05.29 00:33:30,EURUSD,M5,buy,1.12789,1.12588,-2.01,sl,2,19.64,0.001568,3.511,10,0,4,0.56,0.0,-1.0,-1.0,-1.0,-1.0,200.0
2025-06-04 00:50:00,2025.06.04 01:35:00,EURUSD,M5,sell,1.13842,1.138,0.42,midline,8,78.74,0.001187,1.665,12,0,3,0.215,0.315,0.215,0.24,0.215,0.24,200.0
2025-06-08 23:15:00,2025.06.09 00:45:00,EURUSD,M5,sell,1.14024,1.14052,-0.28,midline,17,75.98,0.001042,5.655,11,23,0,0.415,0.055,0.095,0.055,0.095,0.055,200.0
2025-06-11 23:10:00,2025.06.12 00:00:00,EURUSD,M5,sell,1.14936,1.1506,-1.24,e8c,9,75.18,0.00094,2.608,12,23,3,0.73,0.15,0.14,0.15,0.145,0.15,200.0
2025-06-13 00:45:00,2025.06.13 01:14:39,EURUSD,M5,sell,1.15962,1.15661,3.01,tp,4,78.66,0.000905,2.29,12,0,5,0.895,0.11,-1.0,-1.0,-1.0,-1.0,200.0
2025-06-23 23:10:00,2025.06.24 00:05:00,EURUSD,M5,sell,1.15926,1.15917,0.09,midline,10,78.16,0.001343,3.2,8,23,1,0.46,0.36,0.46,0.105,0.46,0.22,200.0
2025-06-26 23:40:00,2025.06.27 00:05:00,EURUSD,M5,buy,1.16832,1.16881,0.49,midline,4,23.65,0.001157,1.619,11,23,4,0.16,0.385,-1.0,-1.0,-1.0,-1.0,200.0
2025-07-04 00:35:00,2025.07.04 01:45:00,EURUSD,M5,sell,1.17667,1.17648,0.19,midline,13,75.1,0.000965,1.907,8,0,5,0.215,0.145,0.215,0.06,0.215,0.06,200.0
2025-07-07 07:35:00,2025.07.07 09:43:35,EURUSD,M5,buy,1.17529,1.17329,-2.0,sl,24,24.65,0.001369,1.826,10,7,1,0.95,0.255,0.165,0.255,0.255,0.255,200.0
2025-07-10 01:00:00,2025.07.10 02:15:00,EURUSD,M5,sell,1.17374,1.17397,-0.23,midline,14,79.0,0.001136,2.989,8,0,4,0.585,0.115,0.46,0.115,0.465,0.115,200.0
2025-07-21 08:05:00,2025.07.21 08:35:00,EURUSD,M5,sell,1.1646,1.16381,0.79,midline,5,75.61,0.00152,1.848,11,8,1,0.0,0.545,0.0,0.545,-1.0,-1.0,200.0
2025-07-28 07:20:00,2025.07.28 07:25:37,EURUSD,M5,buy,1.17325,1.17121,-2.04,sl,0,23.65,0.001333,1.622,8,7,1,0.645,0.0,-1.0,-1.0,-1.0,-1.0,200.0
2025-07-30 01:20:00,2025.07.30 02:30:00,EURUSD,M5,sell,1.15587,1.15627,-0.4,midline,13,77.56,0.00097,1.654,10,1,3,0.675,0.065,0.34,0.065,0.34,0.065,200.0
2025-08-08 06:30:00,2025.08.08 07:20:00,EURUSD,M5,buy,1.16445,1.16478,0.33,midline,9,22.31,0.001632,1.939,8,6,5,0.295,0.235,0.295,0.03,0.295,0.03,200.0
2025-08-11 08:05:00,2025.08.11 09:25:00,EURUSD,M5,buy,1.16597,1.16535,-0.62,midline,15,24.22,0.000973,2.13,11,8,1,0.81,0.075,0.44,0.075,0.55,0.075,200.0
2025-08-11 12:40:00,2025.08.11 14:15:00,EURUSD,M5,buy,1.16313,1.16216,-0.97,midline,18,22.88,0.001431,1.72,10,12,1,0.885,0.06,0.485,0.06,0.755,0.06,200.0
2025-08-18 23:10:00,2025.08.19 00:15:00,EURUSD,M5,sell,1.16728,1.16653,0.75,midline,12,76.11,0.001212,3.244,12,23,1,0.06,0.455,0.06,0.355,0.06,0.355,200.0
2025-08-21 07:35:00,2025.08.21 08:20:00,EURUSD,M5,buy,1.16331,1.16428,0.97,midline,8,23.22,0.001559,1.581,11,7,4,0.43,0.505,0.43,0.1,0.43,0.1,200.0
2025-08-22 04:40:00,2025.08.22 06:45:00,EURUSD,M5,buy,1.15932,1.15881,-0.51,midline,24,21.32,0.001615,1.618,12,4,5,0.54,0.085,0.24,0.085,0.24,0.085,200.0
2025-08-25 07:20:00,2025.08.25 08:20:00,EURUSD,M5,sell,1.17173,1.1715,0.23,midline,11,76.38,0.001472,1.954,9,7,1,0.135,0.31,0.135,0.18,0.135,0.18,200.0
2025-08-27 05:25:00,2025.08.27 06:30:00,EURUSD,M5,buy,1.16168,1.16171,0.03,midline,12,24.54,0.001511,1.581,10,5,3,0.26,0.065,0.26,0.065,0.26,0.065,200.0
2025-09-01 07:10:00,2025.09.01 08:10:00,EURUSD,M5,sell,1.17227,1.17217,0.1,midline,11,77.05,0.001278,2.075,10,7,1,0.505,0.275,0.46,0.275,0.505,0.275,200.0
2025-09-03 07:35:00,2025.09.03 08:00:00,EURUSD,M5,sell,1.16419,1.16332,0.87,midline,4,75.45,0.001053,1.794,8,7,3,0.025,0.515,-1.0,-1.0,-1.0,-1.0,200.0
2025-09-09 00:25:00,2025.09.09 01:05:00,EURUSD,M5,sell,1.17725,1.17674,0.51,midline,7,76.94,0.001076,2.157,2,0,2,0.02,0.315,0.02,0.235,0.02,0.235,200.0
2025-09-12 08:05:00,2025.09.12 09:05:00,EURUSD,M5,sell,1.17443,1.17394,0.49,midline,11,77.13,0.001561,1.682,1,8,5,0.18,0.37,0.18,0.365,0.18,0.365,200.0
2025-09-15 07:25:00,2025.09.15 07:55:00,EURUSD,M5,buy,1.17208,1.17248,0.4,midline,5,24.37,0.001109,2.067,2,7,1,0.24,0.27,0.24,0.27,-1.0,-1.0,200.0
2025-09-16 04:35:00,2025.09.16 05:05:00,EURUSD,M5,sell,1.17826,1.17771,0.55,midline,5,77.15,0.001154,2.183,2,4,2,0.225,0.385,0.225,0.385,-1.0,-1.0,200.0
2025-09-18 05:35:00,2025.09.18 07:07:37,EURUSD,M5,buy,1.18027,1.17827,-2.0,sl,17,24.55,0.001367,2.042,2,5,4,0.88,0.2,0.505,0.2,0.54,0.2,200.0
2025-09-23 02:40:00,2025.09.23 03:15:00,EURUSD,M5,sell,1.18136,1.18066,0.7,midline,6,77.42,0.001491,1.963,2,2,2,0.33,0.415,0.33,0.11,0.33,0.415,200.0
2025-09-29 01:15:00,2025.09.29 02:10:00,EURUSD,M5,sell,1.17175,1.17152,0.23,midline,10,76.88,0.001359,2.779,2,1,1,0.285,0.155,0.21,0.09,0.21,0.09,200.0
2025-09-30 01:50:00,2025.09.30 02:35:00,EURUSD,M5,buy,1.17157,1.17243,0.86,midline,8,23.98,0.001326,2.735,2,1,2,0.16,0.505,0.16,0.505,0.16,0.505,200.0
2025-10-01 07:45:00,2025.10.01 08:30:00,EURUSD,M5,sell,1.17717,1.17538,1.79,midline,8,75.61,0.001473,2.514,1,7,3,0.36,0.89,0.36,0.285,0.36,0.285,200.0
2025-10-08 02:05:00,2025.10.08 02:30:00,EURUSD,M5,buy,1.16406,1.16299,-1.07,e8c,4,23.37,0.00149,4.907,2,2,3,0.665,0.175,-1.0,-1.0,-1.0,-1.0,200.0
2025-10-09 07:10:00,2025.10.09 07:54:14,EURUSD,M5,buy,1.16321,1.16121,-2.0,sl,7,21.04,0.00132,2.672,2,7,4,0.835,0.105,0.61,0.105,0.725,0.105,200.0
2025-10-15 02:25:00,2025.10.15 03:55:00,EURUSD,M5,sell,1.16217,1.16257,-0.4,midline,17,75.06,0.001618,1.733,2,2,3,0.23,0.29,0.07,0.29,0.07,0.29,200.0
2025-10-16 01:35:00,2025.10.16 03:20:00,EURUSD,M5,sell,1.16607,1.16681,-0.74,midline,20,79.27,0.001451,3.191,2,1,4,0.745,0.07,0.31,0.07,0.31,0.07,200.0
2025-10-17 01:50:00,2025.10.17 02:20:00,EURUSD,M5,sell,1.17057,1.17013,0.44,midline,5,75.68,0.000882,1.876,2,1,5,0.295,0.24,0.295,0.24,-1.0,-1.0,200.0
2025-10-21 01:15:00,2025.10.21 02:20:00,EURUSD,M5,sell,1.16515,1.16514,0.01,midline,12,75.42,0.000844,1.654,2,1,2,0.19,0.145,0.155,0.145,0.155,0.145,200.0
2025-10-23 01:10:00,2025.10.23 01:55:00,EURUSD,M5,buy,1.16014,1.16063,0.49,midline,8,20.75,0.000894,2.862,2,1,4,0.2,0.255,0.2,0.07,0.2,0.07,200.0
2025-10-27 01:15:00,2025.10.27 01:50:00,EURUSD,M5,sell,1.16438,1.16369,0.69,midline,6,76.62,0.001235,2.094,2,1,1,0.2,0.36,0.2,0.24,0.2,0.36,200.0
2025-10-27 04:10:00,2025.10.27 05:05:00,EURUSD,M5,buy,1.16222,1.16241,0.19,midline,10,22.01,0.000792,1.689,2,4,1,0.09,0.22,0.075,0.135,0.075,0.135,200.0
2025-10-27 18:55:00,2025.10.27 20:05:00,EURUSD,M5,sell,1.16502,1.16456,0.46,midline,13,75.18,0.001321,1.858,2,18,1,0.09,0.33,0.09,0.305,0.09,0.315,200.0
2025-10-29 03:45:00,2025.10.29 06:05:00,EURUSD,M5,buy,1.16388,1.1626,-1.28,midline,27,24.25,0.000682,1.598,2,3,3,0.645,0.01,0.175,0.01,0.175,0.01,200.0
2025-10-31 07:10:00,2025.10.31 08:00:00,EURUSD,M5,buy,1.15556,1.15649,0.93,midline,9,21.84,0.001576,1.633,2,7,5,0.05,0.525,0.05,0.385,0.05,0.385,200.0
2025-11-04 00:05:00,2025.11.04 01:45:00,EURUSD,M5,buy,1.15124,1.15061,-0.63,midline,19,24.46,0.000617,2.119,2,0,2,0.745,0.0,0.335,0.0,0.335,0.0,200.0
2025-11-04 06:25:00,2025.11.04 08:00:00,EURUSD,M5,sell,1.15242,1.15269,-0.27,midline,18,76.52,0.001234,2.309,2,6,2,0.485,0.2,0.135,0.2,0.135,0.2,200.0
2025-11-04 11:55:00,2025.11.04 13:05:00,EURUSD,M5,buy,1.14917,1.14916,-0.01,midline,13,23.37,0.001513,1.583,1,11,2,0.75,0.08,0.51,0.08,0.545,0.08,200.0
2025-11-07 19:50:00,2025.11.07 20:40:00,EURUSD,M5,buy,1.15565,1.15652,0.87,midline,9,22.06,0.001565,2.174,2,19,5,0.04,0.455,0.04,0.415,0.04,0.415,200.0
2025-11-24 05:05:00,2025.11.24 06:00:00,EURUSD,M5,sell,1.15253,1.15223,0.3,midline,10,76.52,0.000622,1.511,2,5,1,0.14,0.16,0.14,0.145,0.14,0.145,200.0
2025-11-27 00:05:00,2025.11.27 01:20:00,EURUSD,M5,sell,1.16049,1.16014,0.35,midline,14,75.19,0.000911,1.559,2,0,4,0.06,0.26,0.0,0.26,0.0,0.26,200.0
2025-11-28 02:00:00,2025.11.28 03:05:00,EURUSD,M5,buy,1.15834,1.15854,0.2,midline,12,23.6,0.00164,1.591,2,1,5,0.17,0.25,0.035,0.25,0.035,0.25,200.0
2025-12-04 20:40:00,2025.12.04 21:50:00,EURUSD,M5,buy,1.16434,1.16441,0.07,midline,13,23.04,0.000935,1.55,2,20,4,0.155,0.1,0.105,0.08,0.105,0.08,200.0
2025-12-05 01:05:00,2025.12.05 02:25:00,EURUSD,M5,sell,1.16518,1.16517,0.01,midline,15,77.32,0.001027,1.525,2,1,5,0.13,0.12,0.055,0.12,0.055,0.12,200.0
2025-12-08 06:05:00,2025.12.08 06:55:00,EURUSD,M5,sell,1.16691,1.16594,0.97,midline,9,80.78,0.001147,4.11,2,6,1,0.045,0.54,0.045,0.41,0.045,0.41,200.0
2025-12-10 08:00:00,2025.12.10 09:15:00,EURUSD,M5,sell,1.1648,1.16436,0.44,midline,14,78.59,0.001503,2.861,1,7,3,0.5,0.23,0.105,0.225,0.32,0.225,200.0
2025-12-11 07:40:00,2025.12.11 09:00:00,EURUSD,M5,sell,1.16992,1.16976,0.16,midline,15,77.21,0.001515,1.539,1,7,4,0.385,0.32,0.125,0.32,0.195,0.32,200.0
2025-12-17 04:30:00,2025.12.17 06:00:00,EURUSD,M5,buy,1.17302,1.17289,-0.13,midline,17,20.51,0.000831,1.57,2,4,3,0.275,0.075,0.135,0.075,0.135,0.075,200.0
2025-12-17 07:00:00,2025.12.17 08:00:00,EURUSD,M5,buy,1.17099,1.17137,0.38,midline,11,19.55,0.001565,3.952,1,6,3,0.345,0.18,0.345,0.085,0.345,0.085,200.0
2025-12-19 20:55:00,2025.12.21 22:10:30,EURUSD,M5,buy,1.17094,1.17141,0.47,midline,13,22.5,0.001033,2.195,6,20,5,0.18,0.545,0.165,0.2,0.165,0.2,200.0
2025-12-22 07:55:00,2025.12.22 09:20:00,EURUSD,M5,sell,1.17295,1.173,-0.05,midline,16,77.42,0.00144,1.747,6,7,1,0.425,0.33,0.095,0.33,0.095,0.33,200.0
2025-12-29 05:05:00,2025.12.29 06:10:00,EURUSD,M5,buy,1.17631,1.1756,-0.71,midline,12,23.65,0.001219,1.506,7,5,1,0.48,0.0,0.48,0.0,0.48,0.0,200.0
2026-01-02 01:05:00,2026.01.02 02:35:00,EURUSD,M5,sell,1.17583,1.17605,-0.22,midline,17,76.1,0.00092,2.544,6,1,5,0.255,0.11,0.155,0.11,0.155,0.11,200.0
2026-01-02 06:20:00,2026.01.02 07:25:00,EURUSD,M5,buy,1.17472,1.17435,-0.37,midline,12,18.27,0.001147,1.767,6,6,5,0.3,0.0,0.3,0.0,0.3,0.0,200.0
2026-01-02 07:35:00,2026.01.02 09:10:00,EURUSD,M5,buy,1.17328,1.17336,0.08,midline,18,14.21,0.001205,1.868,7,7,5,0.46,0.3,0.09,0.3,0.135,0.3,200.0
2026-01-04 23:05:00,2026.01.05 00:25:00,EURUSD,M5,buy,1.17041,1.17089,0.48,midline,15,19.65,0.001463,3.5,6,23,0,0.105,0.415,0.03,0.415,0.03,0.415,200.0
2026-01-05 23:50:00,2026.01.06 01:00:00,EURUSD,M5,buy,1.17153,1.17165,0.12,midline,13,20.65,0.00065,2.265,6,23,1,0.25,0.07,0.14,0.065,0.14,0.065,200.0
2026-01-07 07:40:00,2026.01.07 08:45:00,EURUSD,M5,buy,1.16832,1.16811,-0.21,midline,12,24.39,0.001257,2.111,7,7,3,0.535,0.195,0.335,0.195,0.365,0.195,200.0
2026-01-12 05:35:00,2026.01.12 06:50:00,EURUSD,M5,sell,1.16681,1.16664,0.17,midline,14,76.52,0.001418,1.575,6,5,1,0.135,0.21,0.135,0.145,0.135,0.175,200.0
2026-01-13 13:00:00,2026.01.13 13:35:00,EURUSD,M5,buy,1.16554,1.16691,1.37,midline,6,24.63,0.001442,2.439,6,12,2,0.285,1.09,0.285,0.135,0.285,1.09,200.0
2026-01-16 02:45:00,2026.01.16 03:00:00,EURUSD,M5,sell,1.16138,1.16099,0.39,midline,2,75.08,0.000826,2.406,6,2,5,0.005,0.28,-1.0,-1.0,-1.0,-1.0,200.0
2026-01-20 00:45:00,2026.01.20 01:00:00,EURUSD,M5,buy,1.16341,1.164,0.59,midline,2,23.34,0.00088,1.559,6,0,2,0.085,0.33,-1.0,-1.0,-1.0,-1.0,200.0
2026-01-21 23:35:00,2026.01.22 00:25:00,EURUSD,M5,buy,1.16751,1.16792,0.41,midline,9,24.71,0.001121,3.729,7,23,3,0.185,0.19,0.185,0.07,0.185,0.17,200.0
2026-01-28 23:20:00,2026.01.29 00:34:15,EURUSD,M5,sell,1.19655,1.19855,-2.0,sl,13,75.18,0.001259,2.655,6,23,3,0.85,0.035,0.595,0.035,0.595,0.035,200.0
2026-02-05 07:05:00,2026.02.05 08:35:00,EURUSD,M5,sell,1.17999,1.18046,-0.47,midline,17,75.27,0.001048,1.654,6,7,4,0.43,0.225,0.15,0.225,0.15,0.225,200.0
2026-02-11 06:10:00,2026.02.11 06:35:00,EURUSD,M5,sell,1.19238,1.19159,0.79,midline,4,75.22,0.001546,1.783,6,6,3,0.025,0.435,-1.0,-1.0,-1.0,-1.0,200.0
2026-02-17 00:45:00,2026.02.17 01:50:00,EURUSD,M5,buy,1.18429,1.18433,0.04,midline,12,24.98,0.000568,2.151,6,0,2,0.115,0.12,0.115,0.12,0.115,0.12,200.0
2026-02-20 01:50:00,2026.02.20 03:05:00,EURUSD,M5,buy,1.17569,1.17572,0.03,midline,14,21.94,0.001369,1.911,6,1,5,0.185,0.13,0.09,0.13,0.09,0.13,200.0
2026-02-23 11:35:00,2026.02.23 12:55:00,EURUSD,M5,buy,1.17812,1.17806,-0.06,midline,15,17.12,0.001645,1.77,6,11,1,0.355,0.315,0.035,0.315,0.035,0.315,200.0
2026-02-24 04:35:00,2026.02.24 05:35:00,EURUSD,M5,buy,1.17692,1.1772,0.28,midline,11,23.52,0.00147,1.985,6,4,2,0.08,0.15,0.08,0.065,0.08,0.085,200.0
2026-02-27 04:40:00,2026.02.27 05:40:00,EURUSD,M5,sell,1.1812,1.18083,0.37,midline,11,75.03,0.000978,1.567,6,4,5,0.045,0.23,0.045,0.205,0.045,0.205,200.0
2026-03-05 06:00:00,2026.03.05 06:50:00,EURUSD,M5,buy,1.1595,1.16097,1.47,midline,9,23.54,0.001485,1.654,6,5,4,0.38,0.745,0.38,0.02,0.38,0.07,200.0
2026-03-11 22:45:00,2026.03.12 00:40:00,EURUSD,M5,buy,1.15515,1.15448,-0.67,midline,22,21.5,0.001635,3.905,7,22,3,0.89,0.11,0.195,0.11,0.315,0.11,200.0
2026-03-13 04:40:00,2026.03.13 05:30:00,EURUSD,M5,buy,1.15008,1.15037,0.29,midline,9,24.64,0.00098,1.749,6,4,5,0.055,0.175,0.055,0.145,0.055,0.145,200.0
2026-03-16 06:05:00,2026.03.16 07:05:00,EURUSD,M5,buy,1.14326,1.1433,0.04,midline,11,21.75,0.001327,2.055,6,6,1,0.44,0.185,0.345,0.185,0.39,0.185,200.0
2026-03-16 07:40:00,2026.03.16 08:05:00,EURUSD,M5,buy,1.14154,1.14281,1.27,midline,4,21.9,0.001627,2.04,6,7,1,0.07,0.81,-1.0,-1.0,-1.0,-1.0,200.0
2026-03-16 23:20:00,2026.03.16 23:50:00,EURUSD,M5,buy,1.14966,1.1499,0.24,midline,5,23.81,0.001193,1.854,6,23,1,0.085,0.145,0.085,0.145,-1.0,-1.0,200.0
2026-03-29 22:45:00,2026.03.29 23:25:00,EURUSD,M5,buy,1.14891,1.14931,0.4,midline,7,24.46,0.001309,2.446,6,22,0,0.075,0.255,0.075,0.23,0.075,0.23,200.0
2026-04-03 12:35:00,2026.04.03 13:15:00,EURUSD,M5,buy,1.15284,1.15367,0.83,midline,7,23.29,0.001264,6.278,6,12,5,0.17,0.475,0.17,0.255,0.17,0.255,200.0
2026-04-13 06:10:00,2026.04.13 06:25:00,EURUSD,M5,sell,1.16938,1.16908,0.3,midline,2,76.0,0.000732,1.703,6,6,1,0.04,0.33,-1.0,-1.0,-1.0,-1.0,200.0
2026-04-13 18:35:00,2026.04.13 19:00:00,EURUSD,M5,sell,1.1749,1.17644,-1.54,e8c,4,83.31,0.00163,1.809,6,18,1,0.805,0.155,-1.0,-1.0,-1.0,-1.0,200.0
2026-04-15 05:20:00,2026.04.15 05:40:00,EURUSD,M5,sell,1.17971,1.17921,0.5,midline,3,78.44,0.000815,1.671,6,5,3,0.005,0.415,-1.0,-1.0,-1.0,-1.0,200.0
2026-04-16 02:45:00,2026.04.16 03:45:00,EURUSD,M5,sell,1.18167,1.18144,0.23,midline,11,79.17,0.001213,2.0,6,2,4,0.345,0.245,0.345,0.23,0.345,0.23,200.0
2026-04-17 12:35:00,2026.04.17 12:49:31,EURUSD,M5,sell,1.18084,1.18284,-2.0,sl,1,75.01,0.001233,1.564,6,12,5,0.225,0.135,-1.0,-1.0,-1.0,-1.0,200.0
2026-04-22 05:20:00,2026.04.22 06:10:00,EURUSD,M5,sell,1.17556,1.17464,0.92,midline,9,77.13,0.001235,4.44,6,5,3,0.335,0.56,0.335,0.23,0.335,0.235,200.0
2026-04-23 00:15:00,2026.04.23 00:20:00,EURUSD,M5,buy,1.1698,1.17101,1.21,midline,0,20.81,0.000679,4.929,6,0,4,0.3,0.665,-1.0,-1.0,-1.0,-1.0,200.0
2026-04-27 01:05:00,2026.04.27 02:10:00,EURUSD,M5,sell,1.17236,1.17232,0.04,midline,12,81.05,0.001499,4.096,6,1,1,0.15,0.375,0.15,0.375,0.15,0.375,200.0
2026-04-28 06:50:00,2026.04.28 07:25:00,EURUSD,M5,buy,1.16942,1.16998,0.56,midline,6,20.52,0.001604,1.876,6,6,2,0.43,0.285,0.43,0.205,0.43,0.285,200.0
2026-04-29 00:05:00,2026.04.29 00:20:00,EURUSD,M5,sell,1.17202,1.17166,0.36,midline,2,75.85,0.000396,2.116,5,0,3,0.0,0.21,-1.0,-1.0,-1.0,-1.0,200.0
